time;Model Root/CTRL_VEH/DriveMode [0|1|2|3|4]/Value;Model Root/CTRL_VEH/DriverRequest [%]/Value;Model Root/STATUS_BAT/StateOfCharge [%]/Value;Model Root/STATUS_VEH/Recuperation [0|1]/In1;Model Root/STATUS_VEH/VehicleTractionStandby [0|1]/In1
0.000000;0.00;0.00;70.00;0.00;0.00
0.010000;0.00;0.00;70.00;0.00;0.00
0.020000;0.00;0.00;70.00;0.00;0.00
0.030000;0.00;0.00;70.00;0.00;0.00
0.040000;0.00;0.00;70.00;0.00;0.00
0.050000;0.00;0.00;70.00;0.00;0.00
0.060000;0.00;0.00;70.00;0.00;0.00
0.070000;0.00;0.00;70.00;0.00;0.00
0.080000;0.00;0.00;70.00;0.00;0.00
0.090000;0.00;0.00;70.00;0.00;0.00
0.100000;0.00;0.00;70.00;0.00;0.00
0.110000;0.00;0.00;70.00;0.00;0.00
0.120000;0.00;0.00;70.00;0.00;0.00
0.130000;0.00;0.00;70.00;0.00;0.00
0.140000;0.00;0.00;70.00;0.00;0.00
0.150000;0.00;0.00;70.00;0.00;0.00
0.160000;0.00;0.00;70.00;0.00;0.00
0.170000;0.00;0.00;70.00;0.00;0.00
0.180000;0.00;0.00;70.00;0.00;0.00
0.190000;0.00;0.00;70.00;0.00;0.00
0.200000;0.00;0.00;70.00;0.00;0.00
0.210000;0.00;0.00;70.00;0.00;0.00
0.220000;0.00;0.00;70.00;0.00;0.00
0.230000;0.00;0.00;70.00;0.00;0.00
0.240000;0.00;0.00;70.00;0.00;0.00
0.250000;0.00;0.00;70.00;0.00;0.00
0.260000;0.00;0.00;70.00;0.00;0.00
0.270000;0.00;0.00;70.00;0.00;0.00
0.280000;0.00;0.00;70.00;0.00;0.00
0.290000;0.00;0.00;70.00;0.00;0.00
0.300000;0.00;0.00;70.00;0.00;0.00
0.310000;0.00;0.00;70.00;0.00;0.00
0.320000;0.00;0.00;70.00;0.00;0.00
0.330000;0.00;0.00;70.00;0.00;0.00
0.340000;0.00;0.00;70.00;0.00;0.00
0.350000;0.00;0.00;70.00;0.00;0.00
0.360000;0.00;0.00;70.00;0.00;0.00
0.370000;0.00;0.00;70.00;0.00;0.00
0.380000;0.00;0.00;70.00;0.00;0.00
0.390000;0.00;0.00;70.00;0.00;0.00
0.400000;0.00;0.00;70.00;0.00;0.00
0.410000;0.00;0.00;70.00;0.00;0.00
0.420000;0.00;0.00;70.00;0.00;0.00
0.430000;0.00;0.00;70.00;0.00;0.00
0.440000;0.00;0.00;70.00;0.00;0.00
0.450000;0.00;0.00;70.00;0.00;0.00
0.460000;0.00;0.00;70.00;0.00;0.00
0.470000;0.00;0.00;70.00;0.00;0.00
0.480000;0.00;0.00;70.00;0.00;0.00
0.490000;0.00;0.00;70.00;0.00;0.00
0.500000;0.00;0.00;70.00;0.00;0.00
0.510000;0.00;0.00;70.00;0.00;0.00
0.520000;0.00;0.00;70.00;0.00;0.00
0.530000;0.00;0.00;70.00;0.00;0.00
0.540000;0.00;0.00;70.00;0.00;0.00
0.550000;0.00;0.00;70.00;0.00;0.00
0.560000;0.00;0.00;70.00;0.00;0.00
0.570000;0.00;0.00;70.00;0.00;0.00
0.580000;0.00;0.00;70.00;0.00;0.00
0.590000;0.00;0.00;70.00;0.00;0.00
0.600000;0.00;0.00;70.00;0.00;0.00
0.610000;0.00;0.00;70.00;0.00;0.00
0.620000;0.00;0.00;70.00;0.00;0.00
0.630000;0.00;0.00;70.00;0.00;0.00
0.640000;0.00;0.00;70.00;0.00;0.00
0.650000;0.00;0.00;70.00;0.00;0.00
0.660000;0.00;0.00;70.00;0.00;0.00
0.670000;0.00;0.00;70.00;0.00;0.00
0.680000;0.00;0.00;70.00;0.00;0.00
0.690000;0.00;0.00;70.00;0.00;0.00
0.700000;0.00;0.00;70.00;0.00;0.00
0.710000;0.00;0.00;70.00;0.00;0.00
0.720000;0.00;0.00;70.00;0.00;0.00
0.730000;0.00;0.00;70.00;0.00;0.00
0.740000;0.00;0.00;70.00;0.00;0.00
0.750000;0.00;0.00;70.00;0.00;0.00
0.760000;0.00;0.00;70.00;0.00;0.00
0.770000;0.00;0.00;70.00;0.00;0.00
0.780000;0.00;0.00;70.00;0.00;0.00
0.790000;0.00;0.00;70.00;0.00;0.00
0.800000;0.00;0.00;70.00;0.00;0.00
0.810000;0.00;0.00;70.00;0.00;0.00
0.820000;0.00;0.00;70.00;0.00;0.00
0.830000;0.00;0.00;70.00;0.00;0.00
0.840000;0.00;0.00;70.00;0.00;0.00
0.850000;0.00;0.00;70.00;0.00;0.00
0.860000;0.00;0.00;70.00;0.00;0.00
0.870000;0.00;0.00;70.00;0.00;0.00
0.880000;0.00;0.00;70.00;0.00;0.00
0.890000;0.00;0.00;70.00;0.00;0.00
0.900000;0.00;0.00;70.00;0.00;0.00
0.910000;0.00;0.00;70.00;0.00;1.00
0.920000;0.00;0.00;70.00;0.00;1.00
0.930000;0.00;0.00;70.00;0.00;1.00
0.940000;0.00;0.00;70.00;0.00;1.00
0.950000;0.00;0.00;70.00;0.00;1.00
0.960000;0.00;0.00;70.00;0.00;1.00
0.970000;0.00;0.00;70.00;0.00;1.00
0.980000;0.00;0.00;70.00;0.00;1.00
0.990000;0.00;0.00;70.00;0.00;1.00
1.000000;0.00;0.00;70.00;0.00;1.00
1.010000;0.00;0.00;70.00;0.00;1.00
1.020000;0.00;0.00;70.00;0.00;1.00
1.030000;0.00;0.00;70.00;0.00;1.00
1.040000;0.00;0.00;70.00;0.00;1.00
1.050000;0.00;0.00;70.00;0.00;1.00
1.060000;0.00;0.00;70.00;0.00;1.00
1.070000;0.00;0.00;70.00;0.00;1.00
1.080000;0.00;0.00;70.00;0.00;1.00
1.090000;0.00;0.00;70.00;0.00;1.00
1.100000;0.00;0.00;70.00;0.00;1.00
1.110000;0.00;0.00;70.00;0.00;1.00
1.120000;0.00;0.00;70.00;0.00;1.00
1.130000;0.00;0.00;70.00;0.00;1.00
1.140000;0.00;0.00;70.00;0.00;1.00
1.150000;0.00;0.00;70.00;0.00;1.00
1.160000;0.00;0.00;70.00;0.00;1.00
1.170000;0.00;0.00;70.00;0.00;1.00
1.180000;0.00;0.00;70.00;0.00;1.00
1.190000;0.00;0.00;70.00;0.00;1.00
1.200000;0.00;0.00;70.00;0.00;1.00
1.210000;0.00;0.00;70.00;0.00;1.00
1.220000;0.00;0.00;70.00;0.00;1.00
1.230000;0.00;0.00;70.00;0.00;1.00
1.240000;0.00;0.00;70.00;0.00;1.00
1.250000;0.00;0.00;70.00;0.00;1.00
1.260000;0.00;0.00;70.00;0.00;1.00
1.270000;0.00;0.00;70.00;0.00;1.00
1.280000;0.00;0.00;70.00;0.00;1.00
1.290000;0.00;0.00;70.00;0.00;1.00
1.300000;0.00;0.00;70.00;0.00;1.00
1.310000;0.00;0.00;70.00;0.00;1.00
1.320000;0.00;0.00;70.00;0.00;1.00
1.330000;0.00;0.00;70.00;0.00;1.00
1.340000;0.00;0.00;70.00;0.00;1.00
1.350000;0.00;0.00;70.00;0.00;1.00
1.360000;0.00;0.00;70.00;0.00;1.00
1.370000;0.00;0.00;70.00;0.00;1.00
1.380000;0.00;0.00;70.00;0.00;1.00
1.390000;0.00;0.00;70.00;0.00;1.00
1.400000;0.00;0.00;70.00;0.00;1.00
1.410000;0.00;0.00;70.00;0.00;1.00
1.420000;0.00;0.00;70.00;0.00;1.00
1.430000;0.00;0.00;70.00;0.00;1.00
1.440000;0.00;0.00;70.00;0.00;1.00
1.450000;0.00;0.00;70.00;0.00;1.00
1.460000;0.00;0.00;70.00;0.00;1.00
1.470000;0.00;0.00;70.00;0.00;1.00
1.480000;0.00;0.00;70.00;0.00;1.00
1.490000;0.00;0.00;70.00;0.00;1.00
1.500000;0.00;0.00;70.00;0.00;1.00
1.510000;0.00;0.00;70.00;0.00;1.00
1.520000;0.00;0.00;70.00;0.00;1.00
1.530000;0.00;0.00;70.00;0.00;1.00
1.540000;0.00;0.00;70.00;0.00;1.00
1.550000;0.00;0.00;70.00;0.00;1.00
1.560000;0.00;0.00;70.00;0.00;1.00
1.570000;0.00;0.00;70.00;0.00;1.00
1.580000;0.00;0.00;70.00;0.00;1.00
1.590000;0.00;0.00;70.00;0.00;1.00
1.600000;0.00;0.00;70.00;0.00;1.00
1.610000;0.00;0.00;70.00;0.00;1.00
1.620000;0.00;0.00;70.00;0.00;1.00
1.630000;0.00;0.00;70.00;0.00;1.00
1.640000;0.00;0.00;70.00;0.00;1.00
1.650000;0.00;0.00;70.00;0.00;1.00
1.660000;0.00;0.00;70.00;0.00;1.00
1.670000;0.00;0.00;70.00;0.00;1.00
1.680000;0.00;0.00;70.00;0.00;1.00
1.690000;0.00;0.00;70.00;0.00;1.00
1.700000;0.00;0.00;70.00;0.00;1.00
1.710000;0.00;0.00;70.00;0.00;1.00
1.720000;0.00;0.00;70.00;0.00;1.00
1.730000;0.00;0.00;70.00;0.00;1.00
1.740000;0.00;0.00;70.00;0.00;1.00
1.750000;0.00;0.00;70.00;0.00;1.00
1.760000;0.00;0.00;70.00;0.00;1.00
1.770000;0.00;0.00;70.00;0.00;1.00
1.780000;0.00;0.00;70.00;0.00;1.00
1.790000;0.00;0.00;70.00;0.00;1.00
1.800000;0.00;0.00;70.00;0.00;1.00
1.810000;0.00;0.00;70.00;0.00;1.00
1.820000;0.00;0.00;70.00;0.00;1.00
1.830000;0.00;0.00;70.00;0.00;1.00
1.840000;0.00;0.00;70.00;0.00;1.00
1.850000;0.00;0.00;70.00;0.00;1.00
1.860000;0.00;0.00;70.00;0.00;1.00
1.870000;0.00;0.00;70.00;0.00;1.00
1.880000;0.00;0.00;70.00;0.00;1.00
1.890000;0.00;0.00;70.00;0.00;1.00
1.900000;0.00;0.00;70.00;0.00;1.00
1.910000;0.00;0.00;70.00;0.00;1.00
1.920000;0.00;0.00;70.00;0.00;1.00
1.930000;0.00;0.00;70.00;0.00;1.00
1.940000;0.00;0.00;70.00;0.00;1.00
1.950000;0.00;0.00;70.00;0.00;1.00
1.960000;0.00;0.00;70.00;0.00;1.00
1.970000;0.00;0.00;70.00;0.00;1.00
1.980000;0.00;0.00;70.00;0.00;1.00
1.990000;0.00;0.00;70.00;0.00;1.00
2.000000;0.00;0.00;70.00;0.00;1.00
2.010000;0.00;0.00;70.00;0.00;1.00
2.020000;0.00;0.00;70.00;0.00;1.00
2.030000;0.00;0.00;70.00;0.00;1.00
2.040000;0.00;0.00;70.00;0.00;1.00
2.050000;0.00;0.00;70.00;0.00;1.00
2.060000;0.00;0.00;70.00;0.00;1.00
2.070000;0.00;0.00;70.00;0.00;1.00
2.080000;0.00;0.00;70.00;0.00;1.00
2.090000;0.00;0.00;70.00;0.00;1.00
2.100000;0.00;0.00;70.00;0.00;1.00
2.110000;0.00;0.00;70.00;0.00;1.00
2.120000;0.00;0.00;70.00;0.00;1.00
2.130000;0.00;0.00;70.00;0.00;1.00
2.140000;0.00;0.00;70.00;0.00;1.00
2.150000;0.00;0.00;70.00;0.00;1.00
2.160000;0.00;0.00;70.00;0.00;1.00
2.170000;0.00;0.00;70.00;0.00;1.00
2.180000;0.00;0.00;70.00;0.00;1.00
2.190000;0.00;0.00;70.00;0.00;1.00
2.200000;0.00;0.00;70.00;0.00;1.00
2.210000;0.00;0.00;70.00;0.00;1.00
2.220000;0.00;0.00;70.00;0.00;1.00
2.230000;0.00;0.00;70.00;0.00;1.00
2.240000;0.00;0.00;70.00;0.00;1.00
2.250000;0.00;0.00;70.00;0.00;1.00
2.260000;0.00;0.00;70.00;0.00;1.00
2.270000;0.00;0.00;70.00;0.00;1.00
2.280000;0.00;0.00;70.00;0.00;1.00
2.290000;0.00;0.00;70.00;0.00;1.00
2.300000;0.00;0.00;70.00;0.00;1.00
2.310000;0.00;0.00;70.00;0.00;1.00
2.320000;0.00;0.00;70.00;0.00;1.00
2.330000;0.00;0.00;70.00;0.00;1.00
2.340000;0.00;0.00;70.00;0.00;1.00
2.350000;0.00;0.00;70.00;0.00;1.00
2.360000;0.00;0.00;70.00;0.00;1.00
2.370000;0.00;0.00;70.00;0.00;1.00
2.380000;0.00;0.00;70.00;0.00;1.00
2.390000;0.00;0.00;70.00;0.00;1.00
2.400000;0.00;0.00;70.00;0.00;1.00
2.410000;0.00;0.00;70.00;0.00;1.00
2.420000;0.00;0.00;70.00;0.00;1.00
2.430000;0.00;0.00;70.00;0.00;1.00
2.440000;0.00;0.00;70.00;0.00;1.00
2.450000;0.00;0.00;70.00;0.00;1.00
2.460000;0.00;0.00;70.00;0.00;1.00
2.470000;0.00;0.00;70.00;0.00;1.00
2.480000;0.00;0.00;70.00;0.00;1.00
2.490000;0.00;0.00;70.00;0.00;1.00
2.500000;0.00;0.00;70.00;0.00;1.00
2.510000;0.00;0.00;70.00;0.00;1.00
2.520000;0.00;0.00;70.00;0.00;1.00
2.530000;0.00;0.00;70.00;0.00;1.00
2.540000;0.00;0.00;70.00;0.00;1.00
2.550000;0.00;0.00;70.00;0.00;1.00
2.560000;0.00;0.00;70.00;0.00;1.00
2.570000;0.00;0.00;70.00;0.00;1.00
2.580000;0.00;0.00;70.00;0.00;1.00
2.590000;0.00;0.00;70.00;0.00;1.00
2.600000;0.00;0.00;70.00;0.00;1.00
2.610000;0.00;0.00;70.00;0.00;1.00
2.620000;0.00;0.00;70.00;0.00;1.00
2.630000;0.00;0.00;70.00;0.00;1.00
2.640000;0.00;0.00;70.00;0.00;1.00
2.650000;0.00;0.00;70.00;0.00;1.00
2.660000;0.00;0.00;70.00;0.00;1.00
2.670000;0.00;0.00;70.00;0.00;1.00
2.680000;0.00;0.00;70.00;0.00;1.00
2.690000;0.00;0.00;70.00;0.00;1.00
2.700000;0.00;0.00;70.00;0.00;1.00
2.710000;0.00;0.00;70.00;0.00;1.00
2.720000;0.00;0.00;70.00;0.00;1.00
2.730000;0.00;0.00;70.00;0.00;1.00
2.740000;0.00;0.00;70.00;0.00;1.00
2.750000;0.00;0.00;70.00;0.00;1.00
2.760000;0.00;0.00;70.00;0.00;1.00
2.770000;0.00;0.00;70.00;0.00;1.00
2.780000;0.00;0.00;70.00;0.00;1.00
2.790000;0.00;0.00;70.00;0.00;1.00
2.800000;0.00;0.00;70.00;0.00;1.00
2.810000;0.00;0.00;70.00;0.00;1.00
2.820000;0.00;0.00;70.00;0.00;1.00
2.830000;0.00;0.00;70.00;0.00;1.00
2.840000;0.00;0.00;70.00;0.00;1.00
2.850000;0.00;0.00;70.00;0.00;1.00
2.860000;0.00;0.00;70.00;0.00;1.00
2.870000;0.00;0.00;70.00;0.00;1.00
2.880000;0.00;0.00;70.00;0.00;1.00
2.890000;0.00;0.00;70.00;0.00;1.00
2.900000;0.00;0.00;70.00;0.00;1.00
2.910000;0.00;0.00;70.00;0.00;1.00
2.920000;0.00;0.00;70.00;0.00;1.00
2.930000;0.00;0.00;70.00;0.00;1.00
2.940000;0.00;0.00;70.00;0.00;1.00
2.950000;0.00;0.00;70.00;0.00;1.00
2.960000;0.00;0.00;70.00;0.00;1.00
2.970000;0.00;0.00;70.00;0.00;1.00
2.980000;0.00;0.00;70.00;0.00;1.00
2.990000;0.00;0.00;70.00;0.00;1.00
3.000000;0.00;0.00;70.00;0.00;1.00
3.010000;0.00;0.00;70.00;0.00;1.00
3.020000;0.00;0.00;70.00;0.00;1.00
3.030000;0.00;0.00;70.00;0.00;1.00
3.040000;0.00;0.00;70.00;0.00;1.00
3.050000;0.00;0.00;70.00;0.00;1.00
3.060000;0.00;0.00;70.00;0.00;1.00
3.070000;0.00;0.00;70.00;0.00;1.00
3.080000;0.00;0.00;70.00;0.00;1.00
3.090000;0.00;0.00;70.00;0.00;1.00
3.100000;0.00;0.00;70.00;0.00;1.00
3.110000;0.00;0.00;70.00;0.00;1.00
3.120000;0.00;0.00;70.00;0.00;1.00
3.130000;0.00;0.00;70.00;0.00;1.00
3.140000;0.00;0.00;70.00;0.00;1.00
3.150000;0.00;0.00;70.00;0.00;1.00
3.160000;0.00;0.00;70.00;0.00;1.00
3.170000;0.00;0.00;70.00;0.00;1.00
3.180000;0.00;0.00;70.00;0.00;1.00
3.190000;0.00;0.00;70.00;0.00;1.00
3.200000;0.00;0.00;70.00;0.00;1.00
3.210000;0.00;0.00;70.00;0.00;1.00
3.220000;0.00;0.00;70.00;0.00;1.00
3.230000;0.00;0.00;70.00;0.00;1.00
3.240000;0.00;0.00;70.00;0.00;1.00
3.250000;0.00;0.00;70.00;0.00;1.00
3.260000;0.00;0.00;70.00;0.00;1.00
3.270000;0.00;0.00;70.00;0.00;1.00
3.280000;0.00;0.00;70.00;0.00;1.00
3.290000;0.00;0.00;70.00;0.00;1.00
3.300000;0.00;0.00;70.00;0.00;1.00
3.310000;4.00;0.00;70.00;0.00;1.00
3.320000;4.00;50.00;70.00;0.00;1.00
3.330000;4.00;50.00;70.00;0.00;1.00
3.340000;4.00;50.00;70.00;0.00;1.00
3.350000;4.00;50.00;70.00;0.00;1.00
3.360000;4.00;50.00;70.00;0.00;1.00
3.370000;4.00;50.00;70.00;0.00;1.00
3.380000;4.00;50.00;70.00;0.00;1.00
3.390000;4.00;50.00;70.00;0.00;1.00
3.400000;4.00;50.00;70.00;0.00;1.00
3.410000;4.00;50.00;70.00;0.00;1.00
3.420000;4.00;50.00;70.00;0.00;1.00
3.430000;4.00;50.00;70.00;0.00;1.00
3.440000;4.00;50.00;70.00;0.00;1.00
3.450000;4.00;50.00;70.00;0.00;1.00
3.460000;4.00;50.00;70.00;0.00;1.00
3.470000;4.00;50.00;70.00;0.00;1.00
3.480000;4.00;50.00;70.00;0.00;1.00
3.490000;4.00;50.00;70.00;0.00;1.00
3.500000;4.00;50.00;70.00;0.00;1.00
3.510000;4.00;50.00;70.00;0.00;1.00
3.520000;4.00;50.00;70.00;0.00;1.00
3.530000;4.00;50.00;70.00;0.00;1.00
3.540000;4.00;50.00;70.00;0.00;1.00
3.550000;4.00;50.00;70.00;0.00;1.00
3.560000;4.00;50.00;70.00;0.00;1.00
3.570000;4.00;50.00;70.00;0.00;1.00
3.580000;4.00;50.00;70.00;0.00;1.00
3.590000;4.00;50.00;70.00;0.00;1.00
3.600000;4.00;50.00;70.00;0.00;1.00
3.610000;4.00;50.00;70.00;0.00;1.00
3.620000;4.00;50.00;70.00;0.00;1.00
3.630000;4.00;50.00;70.00;0.00;1.00
3.640000;4.00;50.00;70.00;0.00;1.00
3.650000;4.00;50.00;70.00;0.00;1.00
3.660000;4.00;50.00;70.00;0.00;1.00
3.670000;4.00;50.00;70.00;0.00;1.00
3.680000;4.00;50.00;70.00;0.00;1.00
3.690000;4.00;50.00;70.00;0.00;1.00
3.700000;4.00;50.00;70.00;0.00;1.00
3.710000;4.00;50.00;70.00;0.00;1.00
3.720000;4.00;50.00;70.00;0.00;1.00
3.730000;4.00;50.00;70.00;0.00;1.00
3.740000;4.00;50.00;70.00;0.00;1.00
3.750000;4.00;50.00;70.00;0.00;1.00
3.760000;4.00;50.00;70.00;0.00;1.00
3.770000;4.00;50.00;70.00;0.00;1.00
3.780000;4.00;50.00;70.00;0.00;1.00
3.790000;4.00;50.00;70.00;0.00;1.00
3.800000;4.00;50.00;70.00;0.00;1.00
3.810000;4.00;50.00;70.00;0.00;1.00
3.820000;4.00;50.00;69.99;0.00;1.00
3.830000;4.00;50.00;69.99;0.00;1.00
3.840000;4.00;50.00;69.99;0.00;1.00
3.850000;4.00;50.00;69.99;0.00;1.00
3.860000;4.00;50.00;69.99;0.00;1.00
3.870000;4.00;50.00;69.99;0.00;1.00
3.880000;4.00;50.00;69.99;0.00;1.00
3.890000;4.00;50.00;69.99;0.00;1.00
3.900000;4.00;50.00;69.99;0.00;1.00
3.910000;4.00;50.00;69.99;0.00;1.00
3.920000;4.00;50.00;69.99;0.00;1.00
3.930000;4.00;50.00;69.99;0.00;1.00
3.940000;4.00;50.00;69.99;0.00;1.00
3.950000;4.00;50.00;69.99;0.00;1.00
3.960000;4.00;50.00;69.99;0.00;1.00
3.970000;4.00;50.00;69.99;0.00;1.00
3.980000;4.00;50.00;69.99;0.00;1.00
3.990000;4.00;50.00;69.99;0.00;1.00
4.000000;4.00;50.00;69.99;0.00;1.00
4.010000;4.00;50.00;69.99;0.00;1.00
4.020000;4.00;50.00;69.99;0.00;1.00
4.030000;4.00;50.00;69.99;0.00;1.00
4.040000;4.00;50.00;69.99;0.00;1.00
4.050000;4.00;50.00;69.99;0.00;1.00
4.060000;4.00;50.00;69.99;0.00;1.00
4.070000;4.00;50.00;69.99;0.00;1.00
4.080000;4.00;50.00;69.99;0.00;1.00
4.090000;4.00;50.00;69.99;0.00;1.00
4.100000;4.00;50.00;69.99;0.00;1.00
4.110000;4.00;50.00;69.99;0.00;1.00
4.120000;4.00;50.00;69.99;0.00;1.00
4.130000;4.00;50.00;69.99;0.00;1.00
4.140000;4.00;50.00;69.99;0.00;1.00
4.150000;4.00;50.00;69.99;0.00;1.00
4.160000;4.00;50.00;69.99;0.00;1.00
4.170000;4.00;50.00;69.99;0.00;1.00
4.180000;4.00;50.00;69.99;0.00;1.00
4.190000;4.00;50.00;69.99;0.00;1.00
4.200000;4.00;50.00;69.99;0.00;1.00
4.210000;4.00;50.00;69.99;0.00;1.00
4.220000;4.00;50.00;69.99;0.00;1.00
4.230000;4.00;50.00;69.99;0.00;1.00
4.240000;4.00;50.00;69.99;0.00;1.00
4.250000;4.00;50.00;69.99;0.00;1.00
4.260000;4.00;50.00;69.99;0.00;1.00
4.270000;4.00;50.00;69.99;0.00;1.00
4.280000;4.00;50.00;69.99;0.00;1.00
4.290000;4.00;50.00;69.99;0.00;1.00
4.300000;4.00;50.00;69.99;0.00;1.00
4.310000;4.00;50.00;69.99;0.00;1.00
4.320000;4.00;50.00;69.99;0.00;1.00
4.330000;4.00;50.00;69.99;0.00;1.00
4.340000;4.00;50.00;69.99;0.00;1.00
4.350000;4.00;50.00;69.99;0.00;1.00
4.360000;4.00;50.00;69.99;0.00;1.00
4.370000;4.00;50.00;69.99;0.00;1.00
4.380000;4.00;50.00;69.99;0.00;1.00
4.390000;4.00;50.00;69.99;0.00;1.00
4.400000;4.00;50.00;69.99;0.00;1.00
4.410000;4.00;50.00;69.99;0.00;1.00
4.420000;4.00;50.00;69.99;0.00;1.00
4.430000;4.00;50.00;69.99;0.00;1.00
4.440000;4.00;50.00;69.99;0.00;1.00
4.450000;4.00;50.00;69.99;0.00;1.00
4.460000;4.00;50.00;69.99;0.00;1.00
4.470000;4.00;50.00;69.99;0.00;1.00
4.480000;4.00;50.00;69.99;0.00;1.00
4.490000;4.00;50.00;69.99;0.00;1.00
4.500000;4.00;50.00;69.99;0.00;1.00
4.510000;4.00;50.00;69.99;0.00;1.00
4.520000;4.00;50.00;69.99;0.00;1.00
4.530000;4.00;50.00;69.99;0.00;1.00
4.540000;4.00;50.00;69.99;0.00;1.00
4.550000;4.00;50.00;69.99;0.00;1.00
4.560000;4.00;50.00;69.99;0.00;1.00
4.570000;4.00;50.00;69.99;0.00;1.00
4.580000;4.00;50.00;69.99;0.00;1.00
4.590000;4.00;50.00;69.99;0.00;1.00
4.600000;4.00;50.00;69.99;0.00;1.00
4.610000;4.00;50.00;69.99;0.00;1.00
4.620000;4.00;50.00;69.99;0.00;1.00
4.630000;4.00;50.00;69.99;0.00;1.00
4.640000;4.00;50.00;69.99;0.00;1.00
4.650000;4.00;50.00;69.99;0.00;1.00
4.660000;4.00;50.00;69.99;0.00;1.00
4.670000;4.00;50.00;69.99;0.00;1.00
4.680000;4.00;50.00;69.99;0.00;1.00
4.690000;4.00;50.00;69.99;0.00;1.00
4.700000;4.00;50.00;69.99;0.00;1.00
4.710000;4.00;50.00;69.99;0.00;1.00
4.720000;4.00;50.00;69.99;0.00;1.00
4.730000;4.00;50.00;69.99;0.00;1.00
4.740000;4.00;50.00;69.99;0.00;1.00
4.750000;4.00;50.00;69.99;0.00;1.00
4.760000;4.00;50.00;69.99;0.00;1.00
4.770000;4.00;50.00;69.99;0.00;1.00
4.780000;4.00;50.00;69.99;0.00;1.00
4.790000;4.00;50.00;69.99;0.00;1.00
4.800000;4.00;50.00;69.98;0.00;1.00
4.810000;4.00;50.00;69.98;0.00;1.00
4.820000;4.00;50.00;69.98;0.00;1.00
4.830000;4.00;50.00;69.98;0.00;1.00
4.840000;4.00;50.00;69.98;0.00;1.00
4.850000;4.00;50.00;69.98;0.00;1.00
4.860000;4.00;50.00;69.98;0.00;1.00
4.870000;4.00;50.00;69.98;0.00;1.00
4.880000;4.00;50.00;69.98;0.00;1.00
4.890000;4.00;50.00;69.98;0.00;1.00
4.900000;4.00;50.00;69.98;0.00;1.00
4.910000;4.00;50.00;69.98;0.00;1.00
4.920000;4.00;50.00;69.98;0.00;1.00
4.930000;4.00;50.00;69.98;0.00;1.00
4.940000;4.00;50.00;69.98;0.00;1.00
4.950000;4.00;50.00;69.98;0.00;1.00
4.960000;4.00;50.00;69.98;0.00;1.00
4.970000;4.00;50.00;69.98;0.00;1.00
4.980000;4.00;50.00;69.98;0.00;1.00
4.990000;4.00;50.00;69.98;0.00;1.00
5.000000;4.00;50.00;69.98;0.00;1.00
5.010000;4.00;50.00;69.98;0.00;1.00
5.020000;4.00;50.00;69.98;0.00;1.00
5.030000;4.00;50.00;69.98;0.00;1.00
5.040000;4.00;50.00;69.98;0.00;1.00
5.050000;4.00;50.00;69.98;0.00;1.00
5.060000;4.00;50.00;69.98;0.00;1.00
5.070000;4.00;50.00;69.98;0.00;1.00
5.080000;4.00;50.00;69.98;0.00;1.00
5.090000;4.00;50.00;69.98;0.00;1.00
5.100000;4.00;50.00;69.98;0.00;1.00
5.110000;4.00;50.00;69.98;0.00;1.00
5.120000;4.00;50.00;69.98;0.00;1.00
5.130000;4.00;50.00;69.98;0.00;1.00
5.140000;4.00;50.00;69.98;0.00;1.00
5.150000;4.00;50.00;69.98;0.00;1.00
5.160000;4.00;50.00;69.98;0.00;1.00
5.170000;4.00;50.00;69.98;0.00;1.00
5.180000;4.00;50.00;69.98;0.00;1.00
5.190000;4.00;50.00;69.98;0.00;1.00
5.200000;4.00;50.00;69.98;0.00;1.00
5.210000;4.00;50.00;69.98;0.00;1.00
5.220000;4.00;50.00;69.98;0.00;1.00
5.230000;4.00;50.00;69.98;0.00;1.00
5.240000;4.00;50.00;69.98;0.00;1.00
5.250000;4.00;50.00;69.98;0.00;1.00
5.260000;4.00;50.00;69.98;0.00;1.00
5.270000;4.00;50.00;69.98;0.00;1.00
5.280000;4.00;50.00;69.98;0.00;1.00
5.290000;4.00;50.00;69.98;0.00;1.00
5.300000;4.00;50.00;69.98;0.00;1.00
5.310000;4.00;50.00;69.98;0.00;1.00
5.320000;4.00;50.00;69.98;0.00;1.00
5.330000;4.00;50.00;69.98;0.00;1.00
5.340000;4.00;50.00;69.98;0.00;1.00
5.350000;4.00;50.00;69.98;0.00;1.00
5.360000;4.00;50.00;69.98;0.00;1.00
5.370000;4.00;50.00;69.98;0.00;1.00
5.380000;4.00;50.00;69.98;0.00;1.00
5.390000;4.00;50.00;69.98;0.00;1.00
5.400000;4.00;50.00;69.98;0.00;1.00
5.410000;4.00;50.00;69.98;0.00;1.00
5.420000;4.00;50.00;69.98;0.00;1.00
5.430000;4.00;50.00;69.98;0.00;1.00
5.440000;4.00;50.00;69.98;0.00;1.00
5.450000;4.00;50.00;69.98;0.00;1.00
5.460000;4.00;50.00;69.98;0.00;1.00
5.470000;4.00;50.00;69.98;0.00;1.00
5.480000;4.00;50.00;69.98;0.00;1.00
5.490000;4.00;50.00;69.98;0.00;1.00
5.500000;4.00;50.00;69.98;0.00;1.00
5.510000;4.00;50.00;69.98;0.00;1.00
5.520000;4.00;50.00;69.98;0.00;1.00
5.530000;4.00;50.00;69.98;0.00;1.00
5.540000;4.00;50.00;69.98;0.00;1.00
5.550000;4.00;50.00;69.98;0.00;1.00
5.560000;4.00;50.00;69.98;0.00;1.00
5.570000;4.00;50.00;69.98;0.00;1.00
5.580000;4.00;50.00;69.98;0.00;1.00
5.590000;4.00;50.00;69.98;0.00;1.00
5.600000;4.00;50.00;69.98;0.00;1.00
5.610000;4.00;50.00;69.98;0.00;1.00
5.620000;4.00;50.00;69.98;0.00;1.00
5.630000;4.00;50.00;69.98;0.00;1.00
5.640000;4.00;50.00;69.98;0.00;1.00
5.650000;4.00;50.00;69.98;0.00;1.00
5.660000;4.00;50.00;69.98;0.00;1.00
5.670000;4.00;50.00;69.98;0.00;1.00
5.680000;4.00;50.00;69.98;0.00;1.00
5.690000;4.00;50.00;69.98;0.00;1.00
5.700000;4.00;50.00;69.98;0.00;1.00
5.710000;4.00;50.00;69.98;0.00;1.00
5.720000;4.00;50.00;69.98;0.00;1.00
5.730000;4.00;50.00;69.98;0.00;1.00
5.740000;4.00;50.00;69.98;0.00;1.00
5.750000;4.00;50.00;69.98;0.00;1.00
5.760000;4.00;50.00;69.98;0.00;1.00
5.770000;4.00;50.00;69.98;0.00;1.00
5.780000;4.00;50.00;69.97;0.00;1.00
5.790000;4.00;50.00;69.97;0.00;1.00
5.800000;4.00;50.00;69.97;0.00;1.00
5.810000;4.00;50.00;69.97;0.00;1.00
5.820000;4.00;50.00;69.97;0.00;1.00
5.830000;4.00;50.00;69.97;0.00;1.00
5.840000;4.00;50.00;69.97;0.00;1.00
5.850000;4.00;50.00;69.97;0.00;1.00
5.860000;4.00;50.00;69.97;0.00;1.00
5.870000;4.00;50.00;69.97;0.00;1.00
5.880000;4.00;50.00;69.97;0.00;1.00
5.890000;4.00;50.00;69.97;0.00;1.00
5.900000;4.00;50.00;69.97;0.00;1.00
5.910000;4.00;50.00;69.97;0.00;1.00
5.920000;4.00;50.00;69.97;0.00;1.00
5.930000;4.00;50.00;69.97;0.00;1.00
5.940000;4.00;50.00;69.97;0.00;1.00
5.950000;4.00;50.00;69.97;0.00;1.00
5.960000;4.00;50.00;69.97;0.00;1.00
5.970000;4.00;50.00;69.97;0.00;1.00
5.980000;4.00;50.00;69.97;0.00;1.00
5.990000;4.00;50.00;69.97;0.00;1.00
6.000000;4.00;50.00;69.97;0.00;1.00
6.010000;4.00;50.00;69.97;0.00;1.00
6.020000;4.00;50.00;69.97;0.00;1.00
6.030000;4.00;50.00;69.97;0.00;1.00
6.040000;4.00;50.00;69.97;0.00;1.00
6.050000;4.00;50.00;69.97;0.00;1.00
6.060000;4.00;50.00;69.97;0.00;1.00
6.070000;4.00;50.00;69.97;0.00;1.00
6.080000;4.00;50.00;69.97;0.00;1.00
6.090000;4.00;50.00;69.97;0.00;1.00
6.100000;4.00;50.00;69.97;0.00;1.00
6.110000;4.00;50.00;69.97;0.00;1.00
6.120000;4.00;50.00;69.97;0.00;1.00
6.130000;4.00;50.00;69.97;0.00;1.00
6.140000;4.00;50.00;69.97;0.00;1.00
6.150000;4.00;50.00;69.97;0.00;1.00
6.160000;4.00;50.00;69.97;0.00;1.00
6.170000;4.00;50.00;69.97;0.00;1.00
6.180000;4.00;50.00;69.97;0.00;1.00
6.190000;4.00;50.00;69.97;0.00;1.00
6.200000;4.00;50.00;69.97;0.00;1.00
6.210000;4.00;50.00;69.97;0.00;1.00
6.220000;4.00;50.00;69.97;0.00;1.00
6.230000;4.00;50.00;69.97;0.00;1.00
6.240000;4.00;50.00;69.97;0.00;1.00
6.250000;4.00;50.00;69.97;0.00;1.00
6.260000;4.00;50.00;69.97;0.00;1.00
6.270000;4.00;50.00;69.97;0.00;1.00
6.280000;4.00;50.00;69.97;0.00;1.00
6.290000;4.00;50.00;69.97;0.00;1.00
6.300000;4.00;50.00;69.97;0.00;1.00
6.310000;4.00;50.00;69.97;0.00;1.00
6.320000;4.00;50.00;69.97;0.00;1.00
6.330000;4.00;50.00;69.97;0.00;1.00
6.340000;4.00;50.00;69.97;0.00;1.00
6.350000;4.00;50.00;69.97;0.00;1.00
6.360000;4.00;50.00;69.97;0.00;1.00
6.370000;4.00;50.00;69.97;0.00;1.00
6.380000;4.00;50.00;69.97;0.00;1.00
6.390000;4.00;50.00;69.97;0.00;1.00
6.400000;4.00;50.00;69.97;0.00;1.00
6.410000;4.00;50.00;69.97;0.00;1.00
6.420000;4.00;50.00;69.97;0.00;1.00
6.430000;4.00;50.00;69.97;0.00;1.00
6.440000;4.00;50.00;69.97;0.00;1.00
6.450000;4.00;50.00;69.97;0.00;1.00
6.460000;4.00;50.00;69.97;0.00;1.00
6.470000;4.00;50.00;69.97;0.00;1.00
6.480000;4.00;50.00;69.97;0.00;1.00
6.490000;4.00;50.00;69.97;0.00;1.00
6.500000;4.00;50.00;69.97;0.00;1.00
6.510000;4.00;50.00;69.97;0.00;1.00
6.520000;4.00;50.00;69.97;0.00;1.00
6.530000;4.00;50.00;69.97;0.00;1.00
6.540000;4.00;50.00;69.97;0.00;1.00
6.550000;4.00;50.00;69.97;0.00;1.00
6.560000;4.00;50.00;69.97;0.00;1.00
6.570000;4.00;50.00;69.97;0.00;1.00
6.580000;4.00;50.00;69.97;0.00;1.00
6.590000;4.00;50.00;69.97;0.00;1.00
6.600000;4.00;50.00;69.97;0.00;1.00
6.610000;4.00;50.00;69.97;0.00;1.00
6.620000;4.00;50.00;69.97;0.00;1.00
6.630000;4.00;50.00;69.97;0.00;1.00
6.640000;4.00;50.00;69.97;0.00;1.00
6.650000;4.00;50.00;69.97;0.00;1.00
6.660000;4.00;50.00;69.97;0.00;1.00
6.670000;4.00;50.00;69.97;0.00;1.00
6.680000;4.00;50.00;69.97;0.00;1.00
6.690000;4.00;50.00;69.97;0.00;1.00
6.700000;4.00;50.00;69.97;0.00;1.00
6.710000;4.00;50.00;69.97;0.00;1.00
6.720000;4.00;50.00;69.97;0.00;1.00
6.730000;4.00;50.00;69.96;0.00;1.00
6.740000;4.00;50.00;69.96;0.00;1.00
6.750000;4.00;50.00;69.96;0.00;1.00
6.760000;4.00;50.00;69.96;0.00;1.00
6.770000;4.00;50.00;69.96;0.00;1.00
6.780000;4.00;50.00;69.96;0.00;1.00
6.790000;4.00;50.00;69.96;0.00;1.00
6.800000;4.00;50.00;69.96;0.00;1.00
6.810000;4.00;50.00;69.96;0.00;1.00
6.820000;4.00;50.00;69.96;0.00;1.00
6.830000;4.00;50.00;69.96;0.00;1.00
6.840000;4.00;50.00;69.96;0.00;1.00
6.850000;4.00;50.00;69.96;0.00;1.00
6.860000;4.00;50.00;69.96;0.00;1.00
6.870000;4.00;50.00;69.96;0.00;1.00
6.880000;4.00;50.00;69.96;0.00;1.00
6.890000;4.00;50.00;69.96;0.00;1.00
6.900000;4.00;50.00;69.96;0.00;1.00
6.910000;4.00;50.00;69.96;0.00;1.00
6.920000;4.00;50.00;69.96;0.00;1.00
6.930000;4.00;50.00;69.96;0.00;1.00
6.940000;4.00;50.00;69.96;0.00;1.00
6.950000;4.00;50.00;69.96;0.00;1.00
6.960000;4.00;50.00;69.96;0.00;1.00
6.970000;4.00;50.00;69.96;0.00;1.00
6.980000;4.00;50.00;69.96;0.00;1.00
6.990000;4.00;50.00;69.96;0.00;1.00
7.000000;4.00;50.00;69.96;0.00;1.00
7.010000;4.00;50.00;69.96;0.00;1.00
7.020000;4.00;50.00;69.96;0.00;1.00
7.030000;4.00;50.00;69.96;0.00;1.00
7.040000;4.00;50.00;69.96;0.00;1.00
7.050000;4.00;50.00;69.96;0.00;1.00
7.060000;4.00;50.00;69.96;0.00;1.00
7.070000;4.00;50.00;69.96;0.00;1.00
7.080000;4.00;50.00;69.96;0.00;1.00
7.090000;4.00;50.00;69.96;0.00;1.00
7.100000;4.00;50.00;69.96;0.00;1.00
7.110000;4.00;50.00;69.96;0.00;1.00
7.120000;4.00;50.00;69.96;0.00;1.00
7.130000;4.00;50.00;69.96;0.00;1.00
7.140000;4.00;50.00;69.96;0.00;1.00
7.150000;4.00;50.00;69.96;0.00;1.00
7.160000;4.00;50.00;69.96;0.00;1.00
7.170000;4.00;50.00;69.96;0.00;1.00
7.180000;4.00;50.00;69.96;0.00;1.00
7.190000;4.00;50.00;69.96;0.00;1.00
7.200000;4.00;50.00;69.96;0.00;1.00
7.210000;4.00;50.00;69.96;0.00;1.00
7.220000;4.00;50.00;69.96;0.00;1.00
7.230000;4.00;50.00;69.96;0.00;1.00
7.240000;4.00;50.00;69.96;0.00;1.00
7.250000;4.00;50.00;69.96;0.00;1.00
7.260000;4.00;50.00;69.96;0.00;1.00
7.270000;4.00;50.00;69.96;0.00;1.00
7.280000;4.00;50.00;69.96;0.00;1.00
7.290000;4.00;50.00;69.96;0.00;1.00
7.300000;4.00;50.00;69.96;0.00;1.00
7.310000;4.00;50.00;69.96;0.00;1.00
7.320000;4.00;50.00;69.96;0.00;1.00
7.330000;4.00;50.00;69.96;0.00;1.00
7.340000;4.00;50.00;69.96;0.00;1.00
7.350000;4.00;50.00;69.96;0.00;1.00
7.360000;4.00;50.00;69.96;0.00;1.00
7.370000;4.00;50.00;69.96;0.00;1.00
7.380000;4.00;50.00;69.96;0.00;1.00
7.390000;4.00;50.00;69.96;0.00;1.00
7.400000;4.00;50.00;69.96;0.00;1.00
7.410000;4.00;50.00;69.96;0.00;1.00
7.420000;4.00;50.00;69.96;0.00;1.00
7.430000;4.00;50.00;69.96;0.00;1.00
7.440000;4.00;50.00;69.96;0.00;1.00
7.450000;4.00;50.00;69.96;0.00;1.00
7.460000;4.00;50.00;69.96;0.00;1.00
7.470000;4.00;50.00;69.96;0.00;1.00
7.480000;4.00;50.00;69.96;0.00;1.00
7.490000;4.00;50.00;69.96;0.00;1.00
7.500000;4.00;50.00;69.96;0.00;1.00
7.510000;4.00;50.00;69.96;0.00;1.00
7.520000;4.00;50.00;69.96;0.00;1.00
7.530000;4.00;50.00;69.96;0.00;1.00
7.540000;4.00;50.00;69.96;0.00;1.00
7.550000;4.00;50.00;69.96;0.00;1.00
7.560000;4.00;50.00;69.96;0.00;1.00
7.570000;4.00;50.00;69.96;0.00;1.00
7.580000;4.00;50.00;69.96;0.00;1.00
7.590000;4.00;50.00;69.96;0.00;1.00
7.600000;4.00;50.00;69.96;0.00;1.00
7.610000;4.00;50.00;69.96;0.00;1.00
7.620000;4.00;50.00;69.96;0.00;1.00
7.630000;4.00;50.00;69.96;0.00;1.00
7.640000;4.00;50.00;69.96;0.00;1.00
7.650000;4.00;50.00;69.96;0.00;1.00
7.660000;4.00;50.00;69.96;0.00;1.00
7.670000;4.00;50.00;69.96;0.00;1.00
7.680000;4.00;50.00;69.95;0.00;1.00
7.690000;4.00;50.00;69.95;0.00;1.00
7.700000;4.00;50.00;69.95;0.00;1.00
7.710000;4.00;50.00;69.95;0.00;1.00
7.720000;4.00;50.00;69.95;0.00;1.00
7.730000;4.00;50.00;69.95;0.00;1.00
7.740000;4.00;50.00;69.95;0.00;1.00
7.750000;4.00;50.00;69.95;0.00;1.00
7.760000;4.00;50.00;69.95;0.00;1.00
7.770000;4.00;50.00;69.95;0.00;1.00
7.780000;4.00;50.00;69.95;0.00;1.00
7.790000;4.00;50.00;69.95;0.00;1.00
7.800000;4.00;50.00;69.95;0.00;1.00
7.810000;4.00;50.00;69.95;0.00;1.00
7.820000;4.00;50.00;69.95;0.00;1.00
7.830000;4.00;50.00;69.95;0.00;1.00
7.840000;4.00;50.00;69.95;0.00;1.00
7.850000;4.00;50.00;69.95;0.00;1.00
7.860000;4.00;50.00;69.95;0.00;1.00
7.870000;4.00;50.00;69.95;0.00;1.00
7.880000;4.00;50.00;69.95;0.00;1.00
7.890000;4.00;50.00;69.95;0.00;1.00
7.900000;4.00;50.00;69.95;0.00;1.00
7.910000;4.00;50.00;69.95;0.00;1.00
7.920000;4.00;50.00;69.95;0.00;1.00
7.930000;4.00;50.00;69.95;0.00;1.00
7.940000;4.00;50.00;69.95;0.00;1.00
7.950000;4.00;50.00;69.95;0.00;1.00
7.960000;4.00;50.00;69.95;0.00;1.00
7.970000;4.00;50.00;69.95;0.00;1.00
7.980000;4.00;50.00;69.95;0.00;1.00
7.990000;4.00;50.00;69.95;0.00;1.00
8.000000;4.00;50.00;69.95;0.00;1.00
8.010000;4.00;50.00;69.95;0.00;1.00
8.020000;4.00;50.00;69.95;0.00;1.00
8.030000;4.00;50.00;69.95;0.00;1.00
8.040000;4.00;50.00;69.95;0.00;1.00
8.050000;4.00;50.00;69.95;0.00;1.00
8.060000;4.00;50.00;69.95;0.00;1.00
8.070000;4.00;50.00;69.95;0.00;1.00
8.080000;4.00;50.00;69.95;0.00;1.00
8.090000;4.00;50.00;69.95;0.00;1.00
8.100000;4.00;50.00;69.95;0.00;1.00
8.110000;4.00;50.00;69.95;0.00;1.00
8.120000;4.00;50.00;69.95;0.00;1.00
8.130000;4.00;50.00;69.95;0.00;1.00
8.140000;4.00;50.00;69.95;0.00;1.00
8.150000;4.00;50.00;69.95;0.00;1.00
8.160000;4.00;50.00;69.95;0.00;1.00
8.170000;4.00;50.00;69.95;0.00;1.00
8.180000;4.00;50.00;69.95;0.00;1.00
8.190000;4.00;50.00;69.95;0.00;1.00
8.200000;4.00;50.00;69.95;0.00;1.00
8.210000;4.00;50.00;69.95;0.00;1.00
8.220000;4.00;50.00;69.95;0.00;1.00
8.230000;4.00;50.00;69.95;0.00;1.00
8.240000;4.00;50.00;69.95;0.00;1.00
8.250000;4.00;50.00;69.95;0.00;1.00
8.260000;4.00;50.00;69.95;0.00;1.00
8.270000;4.00;50.00;69.95;0.00;1.00
8.280000;4.00;50.00;69.95;0.00;1.00
8.290000;4.00;50.00;69.95;0.00;1.00
8.300000;4.00;50.00;69.95;0.00;1.00
8.310000;4.00;50.00;69.95;0.00;1.00
8.320000;4.00;50.00;69.95;0.00;1.00
8.330000;4.00;50.00;69.95;0.00;1.00
8.340000;4.00;50.00;69.95;0.00;1.00
8.350000;4.00;50.00;69.95;0.00;1.00
8.360000;4.00;50.00;69.95;0.00;1.00
8.370000;4.00;50.00;69.95;0.00;1.00
8.380000;4.00;50.00;69.95;0.00;1.00
8.390000;4.00;50.00;69.95;0.00;1.00
8.400000;4.00;50.00;69.95;0.00;1.00
8.410000;4.00;50.00;69.95;0.00;1.00
8.420000;4.00;50.00;69.95;0.00;1.00
8.430000;4.00;50.00;69.95;0.00;1.00
8.440000;4.00;50.00;69.95;0.00;1.00
8.450000;4.00;50.00;69.95;0.00;1.00
8.460000;4.00;50.00;69.95;0.00;1.00
8.470000;4.00;50.00;69.95;0.00;1.00
8.480000;4.00;50.00;69.95;0.00;1.00
8.490000;4.00;50.00;69.95;0.00;1.00
8.500000;4.00;50.00;69.95;0.00;1.00
8.510000;4.00;50.00;69.95;0.00;1.00
8.520000;4.00;50.00;69.95;0.00;1.00
8.530000;4.00;50.00;69.95;0.00;1.00
8.540000;4.00;50.00;69.95;0.00;1.00
8.550000;4.00;50.00;69.95;0.00;1.00
8.560000;4.00;50.00;69.95;0.00;1.00
8.570000;4.00;50.00;69.95;0.00;1.00
8.580000;4.00;50.00;69.95;0.00;1.00
8.590000;4.00;50.00;69.95;0.00;1.00
8.600000;4.00;50.00;69.95;0.00;1.00
8.610000;4.00;50.00;69.94;0.00;1.00
8.620000;4.00;50.00;69.94;0.00;1.00
8.630000;4.00;50.00;69.94;0.00;1.00
8.640000;4.00;50.00;69.94;0.00;1.00
8.650000;4.00;50.00;69.94;0.00;1.00
8.660000;4.00;50.00;69.94;0.00;1.00
8.670000;4.00;50.00;69.94;0.00;1.00
8.680000;4.00;50.00;69.94;0.00;1.00
8.690000;4.00;50.00;69.94;0.00;1.00
8.700000;4.00;50.00;69.94;0.00;1.00
8.710000;4.00;50.00;69.94;0.00;1.00
8.720000;4.00;50.00;69.94;0.00;1.00
8.730000;4.00;50.00;69.94;0.00;1.00
8.740000;4.00;50.00;69.94;0.00;1.00
8.750000;4.00;50.00;69.94;0.00;1.00
8.760000;4.00;50.00;69.94;0.00;1.00
8.770000;4.00;50.00;69.94;0.00;1.00
8.780000;4.00;50.00;69.94;0.00;1.00
8.790000;4.00;50.00;69.94;0.00;1.00
8.800000;4.00;50.00;69.94;0.00;1.00
8.810000;4.00;50.00;69.94;0.00;1.00
8.820000;4.00;50.00;69.94;0.00;1.00
8.830000;4.00;50.00;69.94;0.00;1.00
8.840000;4.00;50.00;69.94;0.00;1.00
8.850000;4.00;50.00;69.94;0.00;1.00
8.860000;4.00;50.00;69.94;0.00;1.00
8.870000;4.00;50.00;69.94;0.00;1.00
8.880000;4.00;50.00;69.94;0.00;1.00
8.890000;4.00;50.00;69.94;0.00;1.00
8.900000;4.00;50.00;69.94;0.00;1.00
8.910000;4.00;50.00;69.94;0.00;1.00
8.920000;4.00;50.00;69.94;0.00;1.00
8.930000;4.00;50.00;69.94;0.00;1.00
8.940000;4.00;50.00;69.94;0.00;1.00
8.950000;4.00;50.00;69.94;0.00;1.00
8.960000;4.00;50.00;69.94;0.00;1.00
8.970000;4.00;50.00;69.94;0.00;1.00
8.980000;4.00;50.00;69.94;0.00;1.00
8.990000;4.00;50.00;69.94;0.00;1.00
9.000000;4.00;50.00;69.94;0.00;1.00
9.010000;4.00;50.00;69.94;0.00;1.00
9.020000;4.00;50.00;69.94;0.00;1.00
9.030000;4.00;50.00;69.94;0.00;1.00
9.040000;4.00;50.00;69.94;0.00;1.00
9.050000;4.00;50.00;69.94;0.00;1.00
9.060000;4.00;50.00;69.94;0.00;1.00
9.070000;4.00;50.00;69.94;0.00;1.00
9.080000;4.00;50.00;69.94;0.00;1.00
9.090000;4.00;50.00;69.94;0.00;1.00
9.100000;4.00;50.00;69.94;0.00;1.00
9.110000;4.00;50.00;69.94;0.00;1.00
9.120000;4.00;50.00;69.94;0.00;1.00
9.130000;4.00;50.00;69.94;0.00;1.00
9.140000;4.00;50.00;69.94;0.00;1.00
9.150000;4.00;50.00;69.94;0.00;1.00
9.160000;4.00;50.00;69.94;0.00;1.00
9.170000;4.00;50.00;69.94;0.00;1.00
9.180000;4.00;50.00;69.94;0.00;1.00
9.190000;4.00;50.00;69.94;0.00;1.00
9.200000;4.00;50.00;69.94;0.00;1.00
9.210000;4.00;50.00;69.94;0.00;1.00
9.220000;4.00;50.00;69.94;0.00;1.00
9.230000;4.00;50.00;69.94;0.00;1.00
9.240000;4.00;50.00;69.94;0.00;1.00
9.250000;4.00;50.00;69.94;0.00;1.00
9.260000;4.00;50.00;69.94;0.00;1.00
9.270000;4.00;50.00;69.94;0.00;1.00
9.280000;4.00;50.00;69.94;0.00;1.00
9.290000;4.00;50.00;69.94;0.00;1.00
9.300000;4.00;50.00;69.94;0.00;1.00
9.310000;4.00;50.00;69.94;0.00;1.00
9.320000;4.00;50.00;69.94;0.00;1.00
9.330000;4.00;50.00;69.94;0.00;1.00
9.340000;4.00;50.00;69.94;0.00;1.00
9.350000;4.00;50.00;69.94;0.00;1.00
9.360000;4.00;50.00;69.94;0.00;1.00
9.370000;4.00;50.00;69.94;0.00;1.00
9.380000;4.00;50.00;69.94;0.00;1.00
9.390000;4.00;50.00;69.94;0.00;1.00
9.400000;4.00;50.00;69.94;0.00;1.00
9.410000;4.00;50.00;69.94;0.00;1.00
9.420000;4.00;50.00;69.94;0.00;1.00
9.430000;4.00;50.00;69.94;0.00;1.00
9.440000;4.00;50.00;69.94;0.00;1.00
9.450000;4.00;50.00;69.94;0.00;1.00
9.460000;4.00;50.00;69.94;0.00;1.00
9.470000;4.00;50.00;69.94;0.00;1.00
9.480000;4.00;50.00;69.94;0.00;1.00
9.490000;4.00;50.00;69.94;0.00;1.00
9.500000;4.00;50.00;69.94;0.00;1.00
9.510000;4.00;50.00;69.94;0.00;1.00
9.520000;4.00;50.00;69.94;0.00;1.00
9.530000;4.00;50.00;69.93;0.00;1.00
9.540000;4.00;50.00;69.93;0.00;1.00
9.550000;4.00;50.00;69.93;0.00;1.00
9.560000;4.00;50.00;69.93;0.00;1.00
9.570000;4.00;50.00;69.93;0.00;1.00
9.580000;4.00;50.00;69.93;0.00;1.00
9.590000;4.00;50.00;69.93;0.00;1.00
9.600000;4.00;50.00;69.93;0.00;1.00
9.610000;4.00;50.00;69.93;0.00;1.00
9.620000;4.00;50.00;69.93;0.00;1.00
9.630000;4.00;50.00;69.93;0.00;1.00
9.640000;4.00;50.00;69.93;0.00;1.00
9.650000;4.00;50.00;69.93;0.00;1.00
9.660000;4.00;50.00;69.93;0.00;1.00
9.670000;4.00;50.00;69.93;0.00;1.00
9.680000;4.00;50.00;69.93;0.00;1.00
9.690000;4.00;50.00;69.93;0.00;1.00
9.700000;4.00;50.00;69.93;0.00;1.00
9.710000;4.00;50.00;69.93;0.00;1.00
9.720000;4.00;50.00;69.93;0.00;1.00
9.730000;4.00;50.00;69.93;0.00;1.00
9.740000;4.00;50.00;69.93;0.00;1.00
9.750000;4.00;50.00;69.93;0.00;1.00
9.760000;4.00;50.00;69.93;0.00;1.00
9.770000;4.00;50.00;69.93;0.00;1.00
9.780000;4.00;50.00;69.93;0.00;1.00
9.790000;4.00;50.00;69.93;0.00;1.00
9.800000;4.00;50.00;69.93;0.00;1.00
9.810000;4.00;50.00;69.93;0.00;1.00
9.820000;4.00;50.00;69.93;0.00;1.00
9.830000;4.00;50.00;69.93;0.00;1.00
9.840000;4.00;50.00;69.93;0.00;1.00
9.850000;4.00;50.00;69.93;0.00;1.00
9.860000;4.00;50.00;69.93;0.00;1.00
9.870000;4.00;50.00;69.93;0.00;1.00
9.880000;4.00;50.00;69.93;0.00;1.00
9.890000;4.00;50.00;69.93;0.00;1.00
9.900000;4.00;50.00;69.93;0.00;1.00
9.910000;4.00;50.00;69.93;0.00;1.00
9.920000;4.00;50.00;69.93;0.00;1.00
9.930000;4.00;50.00;69.93;0.00;1.00
9.940000;4.00;50.00;69.93;0.00;1.00
9.950000;4.00;50.00;69.93;0.00;1.00
9.960000;4.00;50.00;69.93;0.00;1.00
9.970000;4.00;50.00;69.93;0.00;1.00
9.980000;4.00;50.00;69.93;0.00;1.00
9.990000;4.00;50.00;69.93;0.00;1.00
10.000000;4.00;50.00;69.93;0.00;1.00
10.010000;4.00;50.00;69.93;0.00;1.00
10.020000;4.00;50.00;69.93;0.00;1.00
10.030000;4.00;50.00;69.93;0.00;1.00
10.040000;4.00;50.00;69.93;0.00;1.00
10.050000;4.00;50.00;69.93;0.00;1.00
10.060000;4.00;50.00;69.93;0.00;1.00
10.070000;4.00;50.00;69.93;0.00;1.00
10.080000;4.00;50.00;69.93;0.00;1.00
10.090000;4.00;50.00;69.93;0.00;1.00
10.100000;4.00;50.00;69.93;0.00;1.00
10.110000;4.00;50.00;69.93;0.00;1.00
10.120000;4.00;50.00;69.93;0.00;1.00
10.130000;4.00;50.00;69.93;0.00;1.00
10.140000;4.00;50.00;69.93;0.00;1.00
10.150000;4.00;50.00;69.93;0.00;1.00
10.160000;4.00;50.00;69.93;0.00;1.00
10.170000;4.00;50.00;69.93;0.00;1.00
10.180000;4.00;50.00;69.93;0.00;1.00
10.190000;4.00;50.00;69.93;0.00;1.00
10.200000;4.00;50.00;69.93;0.00;1.00
10.210000;4.00;50.00;69.93;0.00;1.00
10.220000;4.00;50.00;69.93;0.00;1.00
10.230000;4.00;50.00;69.93;0.00;1.00
10.240000;4.00;50.00;69.93;0.00;1.00
10.250000;4.00;50.00;69.93;0.00;1.00
10.260000;4.00;50.00;69.93;0.00;1.00
10.270000;4.00;50.00;69.93;0.00;1.00
10.280000;4.00;50.00;69.93;0.00;1.00
10.290000;4.00;50.00;69.93;0.00;1.00
10.300000;4.00;50.00;69.93;0.00;1.00
10.310000;4.00;50.00;69.93;0.00;1.00
10.320000;4.00;50.00;69.93;0.00;1.00
10.330000;4.00;50.00;69.93;0.00;1.00
10.340000;4.00;50.00;69.93;0.00;1.00
10.350000;4.00;50.00;69.93;0.00;1.00
10.360000;4.00;50.00;69.93;0.00;1.00
10.370000;4.00;50.00;69.93;0.00;1.00
10.380000;4.00;50.00;69.93;0.00;1.00
10.390000;4.00;50.00;69.93;0.00;1.00
10.400000;4.00;50.00;69.93;0.00;1.00
10.410000;4.00;50.00;69.93;0.00;1.00
10.420000;4.00;50.00;69.93;0.00;1.00
10.430000;4.00;50.00;69.93;0.00;1.00
10.440000;4.00;50.00;69.92;0.00;1.00
10.450000;4.00;50.00;69.92;0.00;1.00
10.460000;4.00;50.00;69.92;0.00;1.00
10.470000;4.00;50.00;69.92;0.00;1.00
10.480000;4.00;50.00;69.92;0.00;1.00
10.490000;4.00;50.00;69.92;0.00;1.00
10.500000;4.00;50.00;69.92;0.00;1.00
10.510000;4.00;50.00;69.92;0.00;1.00
10.520000;4.00;50.00;69.92;0.00;1.00
10.530000;4.00;50.00;69.92;0.00;1.00
10.540000;4.00;50.00;69.92;0.00;1.00
10.550000;4.00;50.00;69.92;0.00;1.00
10.560000;4.00;50.00;69.92;0.00;1.00
10.570000;4.00;50.00;69.92;0.00;1.00
10.580000;4.00;50.00;69.92;0.00;1.00
10.590000;4.00;50.00;69.92;0.00;1.00
10.600000;4.00;50.00;69.92;0.00;1.00
10.610000;4.00;50.00;69.92;0.00;1.00
10.620000;4.00;50.00;69.92;0.00;1.00
10.630000;4.00;50.00;69.92;0.00;1.00
10.640000;4.00;50.00;69.92;0.00;1.00
10.650000;4.00;50.00;69.92;0.00;1.00
10.660000;4.00;50.00;69.92;0.00;1.00
10.670000;4.00;50.00;69.92;0.00;1.00
10.680000;4.00;50.00;69.92;0.00;1.00
10.690000;4.00;50.00;69.92;0.00;1.00
10.700000;4.00;50.00;69.92;0.00;1.00
10.710000;4.00;50.00;69.92;0.00;1.00
10.720000;4.00;50.00;69.92;0.00;1.00
10.730000;4.00;50.00;69.92;0.00;1.00
10.740000;4.00;50.00;69.92;0.00;1.00
10.750000;4.00;50.00;69.92;0.00;1.00
10.760000;4.00;50.00;69.92;0.00;1.00
10.770000;4.00;50.00;69.92;0.00;1.00
10.780000;4.00;50.00;69.92;0.00;1.00
10.790000;4.00;50.00;69.92;0.00;1.00
10.800000;4.00;50.00;69.92;0.00;1.00
10.810000;4.00;50.00;69.92;0.00;1.00
10.820000;4.00;50.00;69.92;0.00;1.00
10.830000;4.00;50.00;69.92;0.00;1.00
10.840000;4.00;50.00;69.92;0.00;1.00
10.850000;4.00;50.00;69.92;0.00;1.00
10.860000;4.00;50.00;69.92;0.00;1.00
10.870000;4.00;50.00;69.92;0.00;1.00
10.880000;4.00;50.00;69.92;0.00;1.00
10.890000;4.00;50.00;69.92;0.00;1.00
10.900000;4.00;50.00;69.92;0.00;1.00
10.910000;4.00;50.00;69.92;0.00;1.00
10.920000;4.00;50.00;69.92;0.00;1.00
10.930000;4.00;50.00;69.92;0.00;1.00
10.940000;4.00;50.00;69.92;0.00;1.00
10.950000;4.00;50.00;69.92;0.00;1.00
10.960000;4.00;50.00;69.92;0.00;1.00
10.970000;4.00;50.00;69.92;0.00;1.00
10.980000;4.00;50.00;69.92;0.00;1.00
10.990000;4.00;50.00;69.92;0.00;1.00
11.000000;4.00;50.00;69.92;0.00;1.00
11.010000;4.00;50.00;69.92;0.00;1.00
11.020000;4.00;50.00;69.92;0.00;1.00
11.030000;4.00;50.00;69.92;0.00;1.00
11.040000;4.00;50.00;69.92;0.00;1.00
11.050000;4.00;50.00;69.92;0.00;1.00
11.060000;4.00;50.00;69.92;0.00;1.00
11.070000;4.00;50.00;69.92;0.00;1.00
11.080000;4.00;50.00;69.92;0.00;1.00
11.090000;4.00;50.00;69.92;0.00;1.00
11.100000;4.00;50.00;69.92;0.00;1.00
11.110000;4.00;50.00;69.92;0.00;1.00
11.120000;4.00;50.00;69.92;0.00;1.00
11.130000;4.00;50.00;69.92;0.00;1.00
11.140000;4.00;50.00;69.92;0.00;1.00
11.150000;4.00;50.00;69.92;0.00;1.00
11.160000;4.00;50.00;69.92;0.00;1.00
11.170000;4.00;50.00;69.92;0.00;1.00
11.180000;4.00;50.00;69.92;0.00;1.00
11.190000;4.00;50.00;69.92;0.00;1.00
11.200000;4.00;50.00;69.92;0.00;1.00
11.210000;4.00;50.00;69.92;0.00;1.00
11.220000;4.00;50.00;69.92;0.00;1.00
11.230000;4.00;50.00;69.92;0.00;1.00
11.240000;4.00;50.00;69.92;0.00;1.00
11.250000;4.00;50.00;69.92;0.00;1.00
11.260000;4.00;50.00;69.92;0.00;1.00
11.270000;4.00;50.00;69.92;0.00;1.00
11.280000;4.00;50.00;69.92;0.00;1.00
11.290000;4.00;50.00;69.92;0.00;1.00
11.300000;4.00;50.00;69.92;0.00;1.00
11.310000;4.00;50.00;69.92;0.00;1.00
11.320000;4.00;50.00;69.92;0.00;1.00
11.330000;4.00;50.00;69.92;0.00;1.00
11.340000;4.00;50.00;69.91;0.00;1.00
11.350000;4.00;50.00;69.91;0.00;1.00
11.360000;4.00;50.00;69.91;0.00;1.00
11.370000;4.00;50.00;69.91;0.00;1.00
11.380000;4.00;50.00;69.91;0.00;1.00
11.390000;4.00;50.00;69.91;0.00;1.00
11.400000;4.00;50.00;69.91;0.00;1.00
11.410000;4.00;50.00;69.91;0.00;1.00
11.420000;4.00;50.00;69.91;0.00;1.00
11.430000;4.00;50.00;69.91;0.00;1.00
11.440000;4.00;50.00;69.91;0.00;1.00
11.450000;4.00;50.00;69.91;0.00;1.00
11.460000;4.00;50.00;69.91;0.00;1.00
11.470000;4.00;50.00;69.91;0.00;1.00
11.480000;4.00;50.00;69.91;0.00;1.00
11.490000;4.00;50.00;69.91;0.00;1.00
11.500000;4.00;50.00;69.91;0.00;1.00
11.510000;4.00;50.00;69.91;0.00;1.00
11.520000;4.00;50.00;69.91;0.00;1.00
11.530000;4.00;50.00;69.91;0.00;1.00
11.540000;4.00;50.00;69.91;0.00;1.00
11.550000;4.00;50.00;69.91;0.00;1.00
11.560000;4.00;50.00;69.91;0.00;1.00
11.570000;4.00;50.00;69.91;0.00;1.00
11.580000;4.00;50.00;69.91;0.00;1.00
11.590000;4.00;50.00;69.91;0.00;1.00
11.600000;4.00;50.00;69.91;0.00;1.00
11.610000;4.00;50.00;69.91;0.00;1.00
11.620000;4.00;50.00;69.91;0.00;1.00
11.630000;4.00;50.00;69.91;0.00;1.00
11.640000;4.00;0.00;69.91;1.00;1.00
11.650000;4.00;0.00;69.91;1.00;1.00
11.660000;4.00;0.00;69.91;1.00;1.00
11.670000;4.00;0.00;69.91;1.00;1.00
11.680000;4.00;0.00;69.91;1.00;1.00
11.690000;4.00;0.00;69.91;1.00;1.00
11.700000;4.00;0.00;69.91;1.00;1.00
11.710000;4.00;0.00;69.91;1.00;1.00
11.720000;4.00;0.00;69.91;1.00;1.00
11.730000;4.00;0.00;69.91;1.00;1.00
11.740000;4.00;0.00;69.91;1.00;1.00
11.750000;4.00;0.00;69.91;1.00;1.00
11.760000;4.00;0.00;69.91;1.00;1.00
11.770000;4.00;0.00;69.91;1.00;1.00
11.780000;4.00;0.00;69.91;1.00;1.00
11.790000;4.00;0.00;69.91;1.00;1.00
11.800000;4.00;0.00;69.91;1.00;1.00
11.810000;4.00;0.00;69.91;1.00;1.00
11.820000;4.00;0.00;69.91;1.00;1.00
11.830000;4.00;0.00;69.91;1.00;1.00
11.840000;4.00;0.00;69.91;1.00;1.00
11.850000;4.00;0.00;69.91;1.00;1.00
11.860000;4.00;0.00;69.91;1.00;1.00
11.870000;4.00;0.00;69.91;1.00;1.00
11.880000;4.00;0.00;69.91;1.00;1.00
11.890000;4.00;0.00;69.91;1.00;1.00
11.900000;4.00;0.00;69.91;1.00;1.00
11.910000;4.00;0.00;69.91;1.00;1.00
11.920000;4.00;0.00;69.91;1.00;1.00
11.930000;4.00;0.00;69.91;1.00;1.00
11.940000;4.00;0.00;69.91;1.00;1.00
11.950000;4.00;0.00;69.91;1.00;1.00
11.960000;4.00;0.00;69.91;1.00;1.00
11.970000;4.00;0.00;69.91;1.00;1.00
11.980000;4.00;0.00;69.91;1.00;1.00
11.990000;4.00;0.00;69.91;1.00;1.00
12.000000;4.00;0.00;69.91;1.00;1.00
12.010000;4.00;0.00;69.91;1.00;1.00
12.020000;4.00;0.00;69.91;1.00;1.00
12.030000;4.00;0.00;69.91;1.00;1.00
12.040000;4.00;0.00;69.91;1.00;1.00
12.050000;4.00;0.00;69.91;1.00;1.00
12.060000;4.00;0.00;69.91;1.00;1.00
12.070000;4.00;0.00;69.91;1.00;1.00
12.080000;4.00;0.00;69.91;1.00;1.00
12.090000;4.00;0.00;69.91;1.00;1.00
12.100000;4.00;0.00;69.91;1.00;1.00
12.110000;4.00;0.00;69.91;1.00;1.00
12.120000;4.00;0.00;69.91;1.00;1.00
12.130000;4.00;0.00;69.91;1.00;1.00
12.140000;4.00;0.00;69.91;1.00;1.00
12.150000;4.00;0.00;69.91;1.00;1.00
12.160000;4.00;0.00;69.91;1.00;1.00
12.170000;4.00;0.00;69.91;1.00;1.00
12.180000;4.00;0.00;69.91;1.00;1.00
12.190000;4.00;0.00;69.91;1.00;1.00
12.200000;4.00;0.00;69.91;1.00;1.00
12.210000;4.00;0.00;69.91;1.00;1.00
12.220000;4.00;0.00;69.91;1.00;1.00
12.230000;4.00;0.00;69.90;1.00;1.00
12.240000;4.00;0.00;69.90;1.00;1.00
12.250000;4.00;0.00;69.90;1.00;1.00
12.260000;4.00;0.00;69.90;1.00;1.00
12.270000;4.00;0.00;69.90;1.00;1.00
12.280000;4.00;0.00;69.90;1.00;1.00
12.290000;4.00;0.00;69.90;1.00;1.00
12.300000;4.00;0.00;69.90;1.00;1.00
12.310000;4.00;0.00;69.90;1.00;1.00
12.320000;4.00;0.00;69.90;1.00;1.00
12.330000;4.00;0.00;69.90;1.00;1.00
12.340000;4.00;0.00;69.90;1.00;1.00
12.350000;4.00;0.00;69.90;1.00;1.00
12.360000;4.00;0.00;69.90;1.00;1.00
12.370000;4.00;0.00;69.90;1.00;1.00
12.380000;4.00;0.00;69.90;1.00;1.00
12.390000;4.00;0.00;69.90;1.00;1.00
12.400000;4.00;0.00;69.90;1.00;1.00
12.410000;4.00;0.00;69.90;1.00;1.00
12.420000;4.00;0.00;69.90;1.00;1.00
12.430000;4.00;0.00;69.90;1.00;1.00
12.440000;4.00;0.00;69.90;1.00;1.00
12.450000;4.00;0.00;69.90;1.00;1.00
12.460000;4.00;0.00;69.90;1.00;1.00
12.470000;4.00;0.00;69.90;1.00;1.00
12.480000;4.00;0.00;69.90;1.00;1.00
12.490000;4.00;0.00;69.90;1.00;1.00
12.500000;4.00;0.00;69.90;1.00;1.00
12.510000;4.00;0.00;69.90;1.00;1.00
12.520000;4.00;0.00;69.90;1.00;1.00
12.530000;4.00;0.00;69.90;1.00;1.00
12.540000;4.00;0.00;69.90;1.00;1.00
12.550000;4.00;0.00;69.90;1.00;1.00
12.560000;4.00;0.00;69.90;1.00;1.00
12.570000;4.00;0.00;69.90;1.00;1.00
12.580000;4.00;0.00;69.90;1.00;1.00
12.590000;4.00;0.00;69.90;1.00;1.00
12.600000;4.00;0.00;69.90;1.00;1.00
12.610000;4.00;0.00;69.90;1.00;1.00
12.620000;4.00;0.00;69.90;1.00;1.00
12.630000;4.00;0.00;69.90;1.00;1.00
12.640000;4.00;0.00;69.90;0.00;1.00
12.650000;4.00;0.00;69.90;0.00;1.00
12.660000;4.00;0.00;69.90;1.00;1.00
12.670000;4.00;0.00;69.90;1.00;1.00
12.680000;4.00;0.00;69.90;1.00;1.00
12.690000;4.00;0.00;69.90;1.00;1.00
12.700000;4.00;0.00;69.90;1.00;1.00
12.710000;4.00;0.00;69.90;1.00;1.00
12.720000;4.00;0.00;69.90;1.00;1.00
12.730000;4.00;0.00;69.90;1.00;1.00
12.740000;4.00;0.00;69.90;1.00;1.00
12.750000;4.00;0.00;69.90;1.00;1.00
12.760000;4.00;0.00;69.90;1.00;1.00
12.770000;4.00;0.00;69.90;1.00;1.00
12.780000;4.00;0.00;69.90;1.00;1.00
12.790000;4.00;0.00;69.90;1.00;1.00
12.800000;4.00;0.00;69.90;1.00;1.00
12.810000;4.00;0.00;69.90;1.00;1.00
12.820000;4.00;0.00;69.90;1.00;1.00
12.830000;4.00;0.00;69.90;1.00;1.00
12.840000;4.00;0.00;69.90;1.00;1.00
12.850000;4.00;0.00;69.90;1.00;1.00
12.860000;4.00;0.00;69.90;1.00;1.00
12.870000;4.00;0.00;69.90;1.00;1.00
12.880000;4.00;0.00;69.90;1.00;1.00
12.890000;4.00;0.00;69.90;1.00;1.00
12.900000;4.00;0.00;69.90;1.00;1.00
12.910000;4.00;0.00;69.90;1.00;1.00
12.920000;4.00;0.00;69.90;1.00;1.00
12.930000;4.00;0.00;69.90;1.00;1.00
12.940000;4.00;0.00;69.90;1.00;1.00
12.950000;4.00;0.00;69.90;1.00;1.00
12.960000;4.00;0.00;69.90;1.00;1.00
12.970000;4.00;0.00;69.90;1.00;1.00
12.980000;4.00;0.00;69.90;1.00;1.00
12.990000;4.00;0.00;69.90;1.00;1.00
13.000000;4.00;0.00;69.90;1.00;1.00
13.010000;4.00;0.00;69.90;1.00;1.00
13.020000;4.00;0.00;69.90;1.00;1.00
13.030000;4.00;0.00;69.90;1.00;1.00
13.040000;4.00;0.00;69.90;1.00;1.00
13.050000;4.00;0.00;69.90;1.00;1.00
13.060000;4.00;0.00;69.90;1.00;1.00
13.070000;4.00;0.00;69.90;1.00;1.00
13.080000;4.00;0.00;69.90;1.00;1.00
13.090000;4.00;0.00;69.90;1.00;1.00
13.100000;4.00;0.00;69.90;1.00;1.00
13.110000;4.00;0.00;69.89;1.00;1.00
13.120000;4.00;0.00;69.89;1.00;1.00
13.130000;4.00;0.00;69.89;1.00;1.00
13.140000;4.00;0.00;69.89;1.00;1.00
13.150000;4.00;0.00;69.89;1.00;1.00
13.160000;4.00;0.00;69.89;1.00;1.00
13.170000;4.00;0.00;69.89;1.00;1.00
13.180000;4.00;0.00;69.89;1.00;1.00
13.190000;4.00;0.00;69.89;1.00;1.00
13.200000;4.00;0.00;69.89;1.00;1.00
13.210000;4.00;0.00;69.89;1.00;1.00
13.220000;4.00;0.00;69.89;1.00;1.00
13.230000;4.00;0.00;69.89;1.00;1.00
13.240000;4.00;0.00;69.89;1.00;1.00
13.250000;4.00;0.00;69.89;1.00;1.00
13.260000;4.00;0.00;69.89;1.00;1.00
13.270000;4.00;0.00;69.89;1.00;1.00
13.280000;4.00;0.00;69.89;1.00;1.00
13.290000;4.00;0.00;69.89;1.00;1.00
13.300000;4.00;0.00;69.89;1.00;1.00
13.310000;4.00;0.00;69.89;1.00;1.00
13.320000;4.00;0.00;69.89;1.00;1.00
13.330000;4.00;0.00;69.89;1.00;1.00
13.340000;4.00;0.00;69.89;1.00;1.00
13.350000;4.00;0.00;69.89;1.00;1.00
13.360000;4.00;0.00;69.89;1.00;1.00
13.370000;4.00;0.00;69.89;1.00;1.00
13.380000;4.00;0.00;69.89;1.00;1.00
13.390000;4.00;0.00;69.89;1.00;1.00
13.400000;4.00;0.00;69.89;1.00;1.00
13.410000;4.00;0.00;69.89;1.00;1.00
13.420000;4.00;0.00;69.89;1.00;1.00
13.430000;4.00;0.00;69.89;1.00;1.00
13.440000;4.00;0.00;69.89;1.00;1.00
13.450000;4.00;0.00;69.89;1.00;1.00
13.460000;4.00;0.00;69.89;1.00;1.00
13.470000;4.00;0.00;69.89;1.00;1.00
13.480000;4.00;0.00;69.89;1.00;1.00
13.490000;4.00;0.00;69.89;1.00;1.00
13.500000;4.00;0.00;69.89;1.00;1.00
13.510000;4.00;0.00;69.89;1.00;1.00
13.520000;4.00;0.00;69.89;1.00;1.00
13.530000;4.00;0.00;69.89;1.00;1.00
13.540000;4.00;0.00;69.89;1.00;1.00
13.550000;4.00;0.00;69.89;1.00;1.00
13.560000;4.00;0.00;69.89;1.00;1.00
13.570000;4.00;0.00;69.89;1.00;1.00
13.580000;4.00;0.00;69.89;1.00;1.00
13.590000;4.00;0.00;69.89;1.00;1.00
13.600000;4.00;0.00;69.89;1.00;1.00
13.610000;4.00;0.00;69.89;1.00;1.00
13.620000;4.00;0.00;69.89;1.00;1.00
13.630000;4.00;0.00;69.89;1.00;1.00
13.640000;4.00;0.00;69.89;1.00;1.00
13.650000;4.00;0.00;69.89;1.00;1.00
13.660000;4.00;0.00;69.89;1.00;1.00
13.670000;4.00;0.00;69.89;1.00;1.00
13.680000;4.00;0.00;69.89;1.00;1.00
13.690000;4.00;0.00;69.89;1.00;1.00
13.700000;4.00;0.00;69.89;1.00;1.00
13.710000;4.00;0.00;69.89;1.00;1.00
13.720000;4.00;0.00;69.89;1.00;1.00
13.730000;4.00;0.00;69.89;1.00;1.00
13.740000;4.00;0.00;69.89;1.00;1.00
13.750000;4.00;0.00;69.89;1.00;1.00
13.760000;4.00;0.00;69.89;1.00;1.00
13.770000;4.00;0.00;69.89;1.00;1.00
13.780000;4.00;0.00;69.89;1.00;1.00
13.790000;4.00;0.00;69.89;1.00;1.00
13.800000;4.00;0.00;69.89;1.00;1.00
13.810000;4.00;0.00;69.89;1.00;1.00
13.820000;4.00;0.00;69.89;1.00;1.00
13.830000;4.00;0.00;69.89;1.00;1.00
13.840000;4.00;0.00;69.89;1.00;1.00
13.850000;4.00;0.00;69.89;1.00;1.00
13.860000;4.00;0.00;69.89;1.00;1.00
13.870000;4.00;0.00;69.89;1.00;1.00
13.880000;4.00;0.00;69.89;1.00;1.00
13.890000;4.00;0.00;69.89;1.00;1.00
13.900000;4.00;0.00;69.89;1.00;1.00
13.910000;4.00;0.00;69.89;1.00;1.00
13.920000;4.00;0.00;69.89;1.00;1.00
13.930000;4.00;0.00;69.89;1.00;1.00
13.940000;4.00;0.00;69.89;1.00;1.00
13.950000;4.00;0.00;69.89;1.00;1.00
13.960000;4.00;0.00;69.89;1.00;1.00
13.970000;4.00;0.00;69.89;1.00;1.00
13.980000;4.00;0.00;69.88;1.00;1.00
13.990000;4.00;0.00;69.88;1.00;1.00
14.000000;4.00;0.00;69.88;1.00;1.00
14.010000;4.00;0.00;69.88;1.00;1.00
14.020000;4.00;0.00;69.88;1.00;1.00
14.030000;4.00;0.00;69.88;1.00;1.00
14.040000;4.00;0.00;69.88;1.00;1.00
14.050000;4.00;0.00;69.88;1.00;1.00
14.060000;4.00;0.00;69.88;1.00;1.00
14.070000;4.00;0.00;69.88;1.00;1.00
14.080000;4.00;0.00;69.88;1.00;1.00
14.090000;4.00;0.00;69.88;1.00;1.00
14.100000;4.00;0.00;69.88;1.00;1.00
14.110000;4.00;0.00;69.88;1.00;1.00
14.120000;4.00;0.00;69.88;1.00;1.00
14.130000;4.00;0.00;69.88;1.00;1.00
14.140000;4.00;0.00;69.88;1.00;1.00
14.150000;4.00;0.00;69.88;1.00;1.00
14.160000;4.00;0.00;69.88;1.00;1.00
14.170000;4.00;0.00;69.88;1.00;1.00
14.180000;4.00;0.00;69.88;1.00;1.00
14.190000;4.00;0.00;69.88;1.00;1.00
14.200000;4.00;0.00;69.88;1.00;1.00
14.210000;4.00;0.00;69.88;1.00;1.00
14.220000;4.00;0.00;69.88;1.00;1.00
14.230000;4.00;0.00;69.88;1.00;1.00
14.240000;4.00;0.00;69.88;1.00;1.00
14.250000;4.00;0.00;69.88;1.00;1.00
14.260000;4.00;0.00;69.88;1.00;1.00
14.270000;4.00;0.00;69.88;1.00;1.00
14.280000;4.00;0.00;69.88;1.00;1.00
14.290000;4.00;0.00;69.88;1.00;1.00
14.300000;4.00;0.00;69.88;1.00;1.00
14.310000;4.00;0.00;69.88;1.00;1.00
14.320000;4.00;0.00;69.88;1.00;1.00
14.330000;4.00;0.00;69.88;1.00;1.00
14.340000;4.00;0.00;69.88;1.00;1.00
14.350000;4.00;0.00;69.88;1.00;1.00
14.360000;4.00;0.00;69.88;1.00;1.00
14.370000;4.00;0.00;69.88;1.00;1.00
14.380000;4.00;0.00;69.88;1.00;1.00
14.390000;4.00;0.00;69.88;1.00;1.00
14.400000;4.00;0.00;69.88;1.00;1.00
14.410000;4.00;0.00;69.88;1.00;1.00
14.420000;4.00;0.00;69.88;1.00;1.00
14.430000;4.00;0.00;69.88;1.00;1.00
14.440000;4.00;0.00;69.88;1.00;1.00
14.450000;4.00;0.00;69.88;1.00;1.00
14.460000;4.00;0.00;69.88;1.00;1.00
14.470000;4.00;0.00;69.88;1.00;1.00
14.480000;4.00;0.00;69.88;1.00;1.00
14.490000;4.00;0.00;69.88;1.00;1.00
14.500000;4.00;0.00;69.88;1.00;1.00
14.510000;4.00;0.00;69.88;1.00;1.00
14.520000;4.00;0.00;69.88;1.00;1.00
14.530000;4.00;0.00;69.88;1.00;1.00
14.540000;4.00;0.00;69.88;1.00;1.00
14.550000;4.00;0.00;69.88;1.00;1.00
14.560000;4.00;0.00;69.88;1.00;1.00
14.570000;4.00;0.00;69.88;1.00;1.00
14.580000;4.00;0.00;69.88;1.00;1.00
14.590000;4.00;0.00;69.88;1.00;1.00
14.600000;4.00;0.00;69.88;1.00;1.00
14.610000;4.00;0.00;69.88;1.00;1.00
14.620000;4.00;0.00;69.88;1.00;1.00
14.630000;4.00;0.00;69.88;1.00;1.00
14.640000;4.00;0.00;69.88;1.00;1.00
14.650000;4.00;0.00;69.88;1.00;1.00
14.660000;4.00;0.00;69.88;1.00;1.00
14.670000;4.00;0.00;69.88;1.00;1.00
14.680000;4.00;0.00;69.88;1.00;1.00
14.690000;4.00;0.00;69.88;1.00;1.00
14.700000;4.00;0.00;69.88;1.00;1.00
14.710000;4.00;0.00;69.88;1.00;1.00
14.720000;4.00;0.00;69.88;1.00;1.00
14.730000;4.00;0.00;69.88;1.00;1.00
14.740000;4.00;0.00;69.88;1.00;1.00
14.750000;4.00;0.00;69.88;1.00;1.00
14.760000;4.00;0.00;69.88;1.00;1.00
14.770000;4.00;0.00;69.88;1.00;1.00
14.780000;4.00;0.00;69.88;1.00;1.00
14.790000;4.00;0.00;69.88;1.00;1.00
14.800000;4.00;0.00;69.88;1.00;1.00
14.810000;4.00;0.00;69.88;1.00;1.00
14.820000;4.00;0.00;69.88;1.00;1.00
14.830000;4.00;0.00;69.88;1.00;1.00
14.840000;4.00;0.00;69.87;1.00;1.00
14.850000;4.00;0.00;69.87;1.00;1.00
14.860000;4.00;0.00;69.87;1.00;1.00
14.870000;4.00;0.00;69.87;1.00;1.00
14.880000;4.00;0.00;69.87;1.00;1.00
14.890000;4.00;0.00;69.87;1.00;1.00
14.900000;4.00;0.00;69.87;1.00;1.00
14.910000;4.00;0.00;69.87;1.00;1.00
14.920000;4.00;0.00;69.87;1.00;1.00
14.930000;4.00;0.00;69.87;1.00;1.00
14.940000;4.00;0.00;69.87;1.00;1.00
14.950000;4.00;0.00;69.87;1.00;1.00
14.960000;4.00;0.00;69.87;1.00;1.00
14.970000;4.00;0.00;69.87;1.00;1.00
14.980000;4.00;0.00;69.87;1.00;1.00
14.990000;4.00;0.00;69.87;1.00;1.00
15.000000;4.00;0.00;69.87;1.00;1.00
15.010000;4.00;0.00;69.87;1.00;1.00
15.020000;4.00;0.00;69.87;1.00;1.00
15.030000;4.00;0.00;69.87;1.00;1.00
15.040000;4.00;0.00;69.87;1.00;1.00
15.050000;4.00;0.00;69.87;1.00;1.00
15.060000;4.00;0.00;69.87;1.00;1.00
15.070000;4.00;0.00;69.87;1.00;1.00
15.080000;4.00;0.00;69.87;1.00;1.00
15.090000;4.00;0.00;69.87;1.00;1.00
15.100000;4.00;0.00;69.87;1.00;1.00
15.110000;4.00;0.00;69.87;1.00;1.00
15.120000;4.00;0.00;69.87;1.00;1.00
15.130000;4.00;0.00;69.87;1.00;1.00
15.140000;4.00;0.00;69.87;1.00;1.00
15.150000;4.00;0.00;69.87;1.00;1.00
15.160000;4.00;0.00;69.87;1.00;1.00
15.170000;4.00;0.00;69.87;1.00;1.00
15.180000;4.00;0.00;69.87;1.00;1.00
15.190000;4.00;0.00;69.87;1.00;1.00
15.200000;4.00;0.00;69.87;1.00;1.00
15.210000;4.00;0.00;69.87;1.00;1.00
15.220000;4.00;0.00;69.87;1.00;1.00
15.230000;4.00;0.00;69.87;0.00;1.00
15.240000;4.00;0.00;69.87;0.00;1.00
15.250000;4.00;0.00;69.87;0.00;1.00
15.260000;4.00;0.00;69.87;0.00;1.00
15.270000;4.00;0.00;69.87;0.00;1.00
15.280000;4.00;0.00;69.87;0.00;1.00
15.290000;4.00;0.00;69.87;0.00;1.00
15.300000;4.00;0.00;69.87;0.00;1.00
15.310000;4.00;0.00;69.87;0.00;1.00
15.320000;4.00;0.00;69.87;0.00;1.00
15.330000;4.00;0.00;69.87;0.00;1.00
15.340000;4.00;0.00;69.87;0.00;1.00
15.350000;4.00;0.00;69.87;0.00;1.00
15.360000;4.00;0.00;69.87;0.00;1.00
15.370000;4.00;0.00;69.87;0.00;1.00
15.380000;4.00;0.00;69.87;0.00;1.00
15.390000;4.00;0.00;69.87;0.00;1.00
15.400000;4.00;0.00;69.87;0.00;1.00
15.410000;4.00;0.00;69.87;0.00;1.00
15.420000;4.00;0.00;69.87;0.00;1.00
15.430000;4.00;0.00;69.87;0.00;1.00
15.440000;4.00;0.00;69.87;0.00;1.00
15.450000;4.00;0.00;69.87;0.00;1.00
15.460000;4.00;0.00;69.87;0.00;1.00
15.470000;4.00;0.00;69.87;0.00;1.00
15.480000;4.00;0.00;69.87;0.00;1.00
15.490000;4.00;0.00;69.87;0.00;1.00
15.500000;4.00;0.00;69.87;0.00;1.00
15.510000;4.00;0.00;69.87;0.00;1.00
15.520000;4.00;0.00;69.87;0.00;1.00
15.530000;4.00;0.00;69.87;0.00;1.00
15.540000;4.00;0.00;69.87;0.00;1.00
15.550000;4.00;0.00;69.87;0.00;1.00
15.560000;4.00;0.00;69.87;0.00;1.00
15.570000;4.00;0.00;69.87;0.00;1.00
15.580000;4.00;0.00;69.87;0.00;1.00
15.590000;4.00;0.00;69.87;0.00;1.00
15.600000;4.00;0.00;69.87;0.00;1.00
15.610000;4.00;0.00;69.87;0.00;1.00
15.620000;4.00;0.00;69.87;0.00;1.00
15.630000;4.00;0.00;69.87;0.00;1.00
15.640000;4.00;0.00;69.87;0.00;1.00
15.650000;4.00;0.00;69.87;0.00;1.00
15.660000;4.00;0.00;69.87;0.00;1.00
15.670000;4.00;0.00;69.87;0.00;1.00
15.680000;4.00;0.00;69.87;0.00;1.00
15.690000;4.00;0.00;69.86;0.00;1.00
15.700000;4.00;0.00;69.86;0.00;1.00
15.710000;4.00;0.00;69.86;0.00;1.00
15.720000;4.00;0.00;69.86;0.00;1.00
15.730000;4.00;0.00;69.86;0.00;1.00
15.740000;4.00;0.00;69.86;0.00;1.00
15.750000;4.00;0.00;69.86;0.00;1.00
15.760000;4.00;0.00;69.86;0.00;1.00
15.770000;4.00;0.00;69.86;0.00;1.00
15.780000;4.00;0.00;69.86;0.00;1.00
15.790000;4.00;0.00;69.86;0.00;1.00
15.800000;4.00;0.00;69.86;0.00;1.00
15.810000;4.00;0.00;69.86;0.00;1.00
15.820000;4.00;0.00;69.86;0.00;1.00
15.830000;4.00;0.00;69.86;0.00;1.00
15.840000;4.00;0.00;69.86;0.00;1.00
15.850000;4.00;0.00;69.86;0.00;1.00
15.860000;4.00;0.00;69.86;0.00;1.00
15.870000;4.00;0.00;69.86;0.00;1.00
15.880000;4.00;0.00;69.86;0.00;1.00
15.890000;4.00;0.00;69.86;0.00;1.00
15.900000;4.00;0.00;69.86;0.00;1.00
15.910000;4.00;0.00;69.86;0.00;1.00
15.920000;4.00;0.00;69.86;0.00;1.00
15.930000;4.00;0.00;69.86;0.00;1.00
15.940000;4.00;0.00;69.86;0.00;1.00
15.950000;4.00;0.00;69.86;0.00;1.00
15.960000;4.00;0.00;69.86;0.00;1.00
15.970000;4.00;0.00;69.86;0.00;1.00
15.980000;4.00;0.00;69.86;0.00;1.00
15.990000;4.00;0.00;69.86;0.00;1.00
16.000000;4.00;0.00;69.86;0.00;1.00
16.010000;4.00;0.00;69.86;0.00;1.00
16.020000;4.00;0.00;69.86;0.00;1.00
16.030000;4.00;0.00;69.86;0.00;1.00
16.040000;4.00;0.00;69.86;0.00;1.00
16.050000;4.00;0.00;69.86;0.00;1.00
16.060000;4.00;0.00;69.86;0.00;1.00
16.070000;4.00;0.00;69.86;0.00;1.00
16.080000;4.00;0.00;69.86;0.00;1.00
16.090000;4.00;0.00;69.86;0.00;1.00
16.100000;4.00;0.00;69.86;0.00;1.00
16.110000;4.00;0.00;69.86;0.00;1.00
16.120000;4.00;0.00;69.86;0.00;1.00
16.130000;4.00;0.00;69.86;0.00;1.00
16.140000;4.00;0.00;69.86;0.00;1.00
16.150000;4.00;0.00;69.86;0.00;1.00
16.160000;4.00;0.00;69.86;0.00;1.00
16.170000;4.00;0.00;69.86;0.00;1.00
16.180000;4.00;0.00;69.86;0.00;1.00
16.190000;4.00;0.00;69.86;0.00;1.00
16.200000;4.00;0.00;69.86;0.00;1.00
16.210000;4.00;0.00;69.86;0.00;1.00
16.220000;4.00;0.00;69.86;0.00;1.00
16.230000;4.00;0.00;69.86;0.00;1.00
16.240000;4.00;0.00;69.86;0.00;1.00
16.250000;4.00;0.00;69.86;0.00;1.00
16.260000;4.00;0.00;69.86;0.00;1.00
16.270000;4.00;0.00;69.86;0.00;1.00
16.280000;4.00;0.00;69.86;0.00;1.00
16.290000;4.00;0.00;69.86;0.00;1.00
16.300000;4.00;0.00;69.86;0.00;1.00
16.310000;4.00;0.00;69.86;0.00;1.00
16.320000;4.00;0.00;69.86;0.00;1.00
16.330000;4.00;0.00;69.86;0.00;1.00
16.340000;4.00;0.00;69.86;0.00;1.00
16.350000;4.00;0.00;69.86;0.00;1.00
16.360000;4.00;0.00;69.86;0.00;1.00
16.370000;4.00;0.00;69.86;0.00;1.00
16.380000;4.00;0.00;69.86;0.00;1.00
16.390000;4.00;0.00;69.86;0.00;1.00
16.400000;4.00;0.00;69.86;0.00;1.00
16.410000;4.00;0.00;69.86;0.00;1.00
16.420000;4.00;0.00;69.86;0.00;1.00
16.430000;4.00;0.00;69.86;0.00;1.00
16.440000;4.00;0.00;69.86;0.00;1.00
16.450000;4.00;0.00;69.86;0.00;1.00
16.460000;4.00;0.00;69.86;0.00;1.00
16.470000;4.00;0.00;69.86;0.00;1.00
16.480000;4.00;0.00;69.86;0.00;1.00
16.490000;4.00;0.00;69.86;0.00;1.00
16.500000;4.00;0.00;69.86;0.00;1.00
16.510000;4.00;0.00;69.86;0.00;1.00
16.520000;4.00;0.00;69.86;0.00;1.00
16.530000;4.00;0.00;69.85;0.00;1.00
16.540000;4.00;0.00;69.85;0.00;1.00
16.550000;4.00;0.00;69.85;0.00;1.00
16.560000;4.00;0.00;69.85;0.00;1.00
16.570000;4.00;0.00;69.85;0.00;1.00
16.580000;4.00;0.00;69.85;0.00;1.00
16.590000;4.00;0.00;69.85;0.00;1.00
16.600000;4.00;0.00;69.85;0.00;1.00
16.610000;4.00;0.00;69.85;0.00;1.00
16.620000;4.00;0.00;69.85;0.00;1.00
16.630000;4.00;0.00;69.85;0.00;1.00
16.640000;4.00;0.00;69.85;0.00;1.00
16.650000;4.00;0.00;69.85;0.00;1.00
16.660000;4.00;0.00;69.85;0.00;1.00
16.670000;4.00;0.00;69.85;0.00;1.00
16.680000;4.00;0.00;69.85;0.00;1.00
16.690000;4.00;0.00;69.85;0.00;1.00
16.700000;4.00;0.00;69.85;0.00;1.00
16.710000;4.00;0.00;69.85;0.00;1.00
16.720000;4.00;0.00;69.85;0.00;1.00
16.730000;4.00;0.00;69.85;0.00;1.00
16.740000;4.00;0.00;69.85;0.00;1.00
16.750000;4.00;0.00;69.85;0.00;1.00
16.760000;4.00;0.00;69.85;0.00;1.00
16.770000;4.00;0.00;69.85;0.00;1.00
16.780000;4.00;0.00;69.85;0.00;1.00
16.790000;4.00;0.00;69.85;0.00;1.00
16.800000;4.00;0.00;69.85;0.00;1.00
16.810000;4.00;0.00;69.85;0.00;1.00
16.820000;4.00;0.00;69.85;0.00;1.00
16.830000;4.00;0.00;69.85;0.00;1.00
16.840000;4.00;0.00;69.85;0.00;1.00
16.850000;4.00;0.00;69.85;0.00;1.00
16.860000;4.00;0.00;69.85;0.00;1.00
16.870000;4.00;0.00;69.85;0.00;1.00
16.880000;4.00;0.00;69.85;0.00;1.00
16.890000;4.00;0.00;69.85;0.00;1.00
16.900000;4.00;0.00;69.85;0.00;1.00
16.910000;4.00;0.00;69.85;0.00;1.00
16.920000;4.00;0.00;69.85;0.00;1.00
16.930000;4.00;0.00;69.85;0.00;1.00
16.940000;4.00;0.00;69.85;0.00;1.00
16.950000;4.00;0.00;69.85;0.00;1.00
16.960000;4.00;0.00;69.85;0.00;1.00
16.970000;4.00;0.00;69.85;0.00;1.00
16.980000;4.00;0.00;69.85;0.00;1.00
16.990000;4.00;0.00;69.85;0.00;1.00
17.000000;4.00;0.00;69.85;0.00;1.00
17.010000;4.00;0.00;69.85;0.00;1.00
17.020000;4.00;0.00;69.85;0.00;1.00
17.030000;4.00;0.00;69.85;0.00;1.00
17.040000;4.00;0.00;69.85;0.00;1.00
17.050000;4.00;0.00;69.85;0.00;1.00
17.060000;4.00;0.00;69.85;0.00;1.00
17.070000;4.00;0.00;69.85;0.00;1.00
17.080000;4.00;0.00;69.85;0.00;1.00
17.090000;4.00;0.00;69.85;0.00;1.00
17.100000;4.00;0.00;69.85;0.00;1.00
17.110000;4.00;0.00;69.85;0.00;1.00
17.120000;4.00;0.00;69.85;0.00;1.00
17.130000;4.00;0.00;69.85;0.00;1.00
17.140000;4.00;0.00;69.85;0.00;1.00
17.150000;4.00;0.00;69.85;0.00;1.00
17.160000;4.00;0.00;69.85;0.00;1.00
17.170000;4.00;0.00;69.85;0.00;1.00
17.180000;4.00;0.00;69.85;0.00;1.00
17.190000;4.00;0.00;69.85;0.00;1.00
17.200000;4.00;0.00;69.85;0.00;1.00
17.210000;4.00;0.00;69.85;0.00;1.00
17.220000;4.00;0.00;69.85;0.00;1.00
17.230000;4.00;0.00;69.85;0.00;1.00
17.240000;4.00;0.00;69.85;0.00;1.00
17.250000;4.00;0.00;69.85;0.00;1.00
17.260000;4.00;0.00;69.85;0.00;1.00
17.270000;4.00;0.00;69.85;0.00;1.00
17.280000;4.00;0.00;69.85;0.00;1.00
17.290000;4.00;0.00;69.85;0.00;1.00
17.300000;4.00;0.00;69.85;0.00;1.00
17.310000;4.00;0.00;69.85;0.00;1.00
17.320000;4.00;0.00;69.85;0.00;1.00
17.330000;4.00;0.00;69.85;0.00;1.00
17.340000;4.00;0.00;69.85;0.00;1.00
17.350000;4.00;0.00;69.85;0.00;1.00
17.360000;4.00;0.00;69.84;0.00;1.00
17.370000;4.00;0.00;69.84;0.00;1.00
17.380000;4.00;0.00;69.84;0.00;1.00
17.390000;4.00;0.00;69.84;0.00;1.00
17.400000;4.00;0.00;69.84;0.00;1.00
17.410000;4.00;0.00;69.84;0.00;1.00
17.420000;4.00;0.00;69.84;0.00;1.00
17.430000;4.00;0.00;69.84;0.00;1.00
17.440000;4.00;0.00;69.84;0.00;1.00
17.450000;4.00;0.00;69.84;0.00;1.00
17.460000;4.00;0.00;69.84;0.00;1.00
17.470000;4.00;0.00;69.84;0.00;1.00
17.480000;4.00;0.00;69.84;0.00;1.00
17.490000;4.00;0.00;69.84;0.00;1.00
17.500000;4.00;0.00;69.84;0.00;1.00
17.510000;4.00;0.00;69.84;0.00;1.00
17.520000;4.00;0.00;69.84;0.00;1.00
17.530000;4.00;0.00;69.84;0.00;1.00
17.540000;4.00;0.00;69.84;0.00;1.00
17.550000;4.00;0.00;69.84;0.00;1.00
17.560000;4.00;0.00;69.84;0.00;1.00
17.570000;4.00;0.00;69.84;0.00;1.00
17.580000;4.00;0.00;69.84;0.00;1.00
17.590000;4.00;0.00;69.84;0.00;1.00
17.600000;4.00;0.00;69.84;0.00;1.00
17.610000;4.00;0.00;69.84;0.00;1.00
17.620000;4.00;0.00;69.84;0.00;1.00
17.630000;4.00;0.00;69.84;0.00;1.00
17.640000;4.00;0.00;69.84;0.00;1.00
17.650000;4.00;0.00;69.84;0.00;1.00
17.660000;4.00;0.00;69.84;0.00;1.00
17.670000;4.00;0.00;69.84;0.00;1.00
17.680000;4.00;0.00;69.84;0.00;1.00
17.690000;4.00;0.00;69.84;0.00;1.00
17.700000;4.00;0.00;69.84;0.00;1.00
17.710000;4.00;0.00;69.84;0.00;1.00
17.720000;4.00;0.00;69.84;0.00;1.00
17.730000;4.00;0.00;69.84;0.00;1.00
17.740000;4.00;0.00;69.84;0.00;1.00
17.750000;4.00;0.00;69.84;0.00;1.00
17.760000;4.00;0.00;69.84;0.00;1.00
17.770000;4.00;0.00;69.84;0.00;1.00
17.780000;4.00;0.00;69.84;0.00;1.00
17.790000;4.00;0.00;69.84;0.00;1.00
17.800000;4.00;0.00;69.84;0.00;1.00
17.810000;4.00;0.00;69.84;0.00;1.00
17.820000;4.00;0.00;69.84;0.00;1.00
17.830000;4.00;0.00;69.84;0.00;1.00
17.840000;4.00;0.00;69.84;0.00;1.00
17.850000;4.00;0.00;69.84;0.00;1.00
17.860000;4.00;0.00;69.84;0.00;1.00
17.870000;4.00;0.00;69.84;0.00;1.00
17.880000;4.00;0.00;69.84;0.00;1.00
17.890000;4.00;0.00;69.84;0.00;1.00
17.900000;4.00;0.00;69.84;0.00;1.00
17.910000;4.00;0.00;69.84;0.00;1.00
17.920000;4.00;0.00;69.84;0.00;1.00
17.930000;4.00;0.00;69.84;0.00;1.00
17.940000;4.00;0.00;69.84;0.00;1.00
17.950000;4.00;0.00;69.84;0.00;1.00
17.960000;4.00;0.00;69.84;0.00;1.00
17.970000;4.00;0.00;69.84;0.00;1.00
17.980000;4.00;0.00;69.84;0.00;1.00
17.990000;4.00;0.00;69.84;0.00;1.00
18.000000;4.00;0.00;69.84;0.00;1.00
18.010000;4.00;0.00;69.84;0.00;1.00
18.020000;4.00;0.00;69.84;0.00;1.00
18.030000;4.00;0.00;69.84;0.00;1.00
18.040000;4.00;0.00;69.84;0.00;1.00
18.050000;4.00;0.00;69.84;0.00;1.00
18.060000;4.00;0.00;69.84;0.00;1.00
18.070000;4.00;0.00;69.84;0.00;1.00
18.080000;4.00;0.00;69.84;0.00;1.00
18.090000;4.00;0.00;69.84;0.00;1.00
18.100000;4.00;0.00;69.84;0.00;1.00
18.110000;4.00;0.00;69.84;0.00;1.00
18.120000;4.00;0.00;69.84;0.00;1.00
18.130000;4.00;0.00;69.84;0.00;1.00
18.140000;4.00;0.00;69.84;0.00;1.00
18.150000;4.00;0.00;69.84;0.00;1.00
18.160000;4.00;0.00;69.84;0.00;1.00
18.170000;4.00;0.00;69.84;0.00;1.00
18.180000;4.00;0.00;69.83;0.00;1.00
18.190000;4.00;0.00;69.83;0.00;1.00
18.200000;4.00;0.00;69.83;0.00;1.00
18.210000;4.00;0.00;69.83;0.00;1.00
18.220000;4.00;0.00;69.83;0.00;1.00
18.230000;4.00;0.00;69.83;0.00;1.00
18.240000;4.00;0.00;69.83;0.00;1.00
18.250000;4.00;0.00;69.83;0.00;1.00
18.260000;4.00;0.00;69.83;0.00;1.00
18.270000;4.00;0.00;69.83;0.00;1.00
18.280000;4.00;0.00;69.83;0.00;1.00
18.290000;4.00;0.00;69.83;0.00;1.00
18.300000;4.00;0.00;69.83;0.00;1.00
18.310000;4.00;0.00;69.83;0.00;1.00
18.320000;4.00;0.00;69.83;0.00;1.00
18.330000;4.00;0.00;69.83;0.00;1.00
18.340000;4.00;0.00;69.83;0.00;1.00
18.350000;4.00;0.00;69.83;0.00;1.00
18.360000;4.00;0.00;69.83;0.00;1.00
18.370000;4.00;0.00;69.83;0.00;1.00
18.380000;4.00;0.00;69.83;0.00;1.00
18.390000;4.00;0.00;69.83;0.00;1.00
18.400000;4.00;0.00;69.83;0.00;1.00
18.410000;4.00;0.00;69.83;0.00;1.00
18.420000;4.00;0.00;69.83;0.00;1.00
18.430000;4.00;0.00;69.83;0.00;1.00
18.440000;4.00;0.00;69.83;0.00;1.00
18.450000;4.00;0.00;69.83;0.00;1.00
18.460000;4.00;0.00;69.83;0.00;1.00
18.470000;4.00;0.00;69.83;0.00;1.00
18.480000;4.00;0.00;69.83;0.00;1.00
18.490000;4.00;0.00;69.83;0.00;1.00
18.500000;4.00;0.00;69.83;0.00;1.00
18.510000;4.00;0.00;69.83;0.00;1.00
18.520000;4.00;0.00;69.83;0.00;1.00
18.530000;4.00;0.00;69.83;0.00;1.00
18.540000;4.00;0.00;69.83;0.00;1.00
18.550000;4.00;0.00;69.83;0.00;1.00
18.560000;4.00;0.00;69.83;0.00;1.00
18.570000;4.00;0.00;69.83;0.00;1.00
18.580000;4.00;0.00;69.83;0.00;1.00
18.590000;4.00;0.00;69.83;0.00;1.00
18.600000;4.00;0.00;69.83;0.00;1.00
18.610000;4.00;0.00;69.83;0.00;1.00
18.620000;4.00;0.00;69.83;0.00;1.00
18.630000;4.00;0.00;69.83;0.00;1.00
18.640000;4.00;0.00;69.83;0.00;1.00
18.650000;4.00;0.00;69.83;0.00;1.00
18.660000;4.00;0.00;69.83;0.00;1.00
18.670000;4.00;0.00;69.83;0.00;1.00
18.680000;4.00;0.00;69.83;0.00;1.00
18.690000;4.00;0.00;69.83;0.00;1.00
18.700000;4.00;0.00;69.83;0.00;1.00
18.710000;4.00;0.00;69.83;0.00;1.00
18.720000;4.00;0.00;69.83;0.00;1.00
18.730000;4.00;0.00;69.83;0.00;1.00
18.740000;4.00;0.00;69.83;0.00;1.00
18.750000;4.00;0.00;69.83;0.00;1.00
18.760000;4.00;0.00;69.83;0.00;1.00
18.770000;4.00;0.00;69.83;0.00;1.00
18.780000;4.00;0.00;69.83;0.00;1.00
18.790000;4.00;0.00;69.83;0.00;1.00
18.800000;4.00;0.00;69.83;0.00;1.00
18.810000;4.00;0.00;69.83;0.00;1.00
18.820000;4.00;0.00;69.83;0.00;1.00
18.830000;4.00;0.00;69.83;0.00;1.00
18.840000;4.00;0.00;69.83;0.00;1.00
18.850000;4.00;0.00;69.83;0.00;1.00
18.860000;4.00;0.00;69.83;0.00;1.00
18.870000;4.00;0.00;69.83;0.00;1.00
18.880000;4.00;0.00;69.83;0.00;1.00
18.890000;4.00;0.00;69.83;0.00;1.00
18.900000;4.00;0.00;69.83;0.00;1.00
18.910000;4.00;0.00;69.83;0.00;1.00
18.920000;4.00;0.00;69.83;0.00;1.00
18.930000;4.00;0.00;69.83;0.00;1.00
18.940000;4.00;0.00;69.83;0.00;1.00
18.950000;4.00;0.00;69.83;0.00;1.00
18.960000;4.00;0.00;69.83;0.00;1.00
18.970000;4.00;0.00;69.83;0.00;1.00
18.980000;4.00;0.00;69.83;0.00;1.00
18.990000;4.00;0.00;69.83;0.00;1.00
19.000000;0.00;0.00;69.82;0.00;1.00
19.010000;0.00;0.00;69.82;0.00;1.00
19.020000;0.00;0.00;69.82;0.00;1.00
19.030000;0.00;0.00;69.82;0.00;1.00
19.040000;0.00;0.00;69.82;0.00;1.00
19.050000;0.00;0.00;69.82;0.00;1.00
19.060000;0.00;0.00;69.82;0.00;1.00
19.070000;0.00;0.00;69.82;0.00;1.00
19.080000;0.00;0.00;69.82;0.00;1.00
19.090000;0.00;0.00;69.82;0.00;1.00
19.100000;0.00;0.00;69.82;0.00;1.00
19.110000;0.00;0.00;69.82;0.00;1.00
19.120000;0.00;0.00;69.82;0.00;1.00
19.130000;0.00;0.00;69.82;0.00;1.00
19.140000;0.00;0.00;69.82;0.00;1.00
19.150000;0.00;0.00;69.82;0.00;1.00
19.160000;0.00;0.00;69.82;0.00;1.00
19.170000;0.00;0.00;69.82;0.00;1.00
19.180000;0.00;0.00;69.82;0.00;1.00
19.190000;0.00;0.00;69.82;0.00;1.00
19.200000;0.00;0.00;69.82;0.00;1.00
19.210000;0.00;0.00;69.82;0.00;1.00
19.220000;0.00;0.00;69.82;0.00;1.00
19.230000;0.00;0.00;69.82;0.00;1.00
19.240000;0.00;0.00;69.82;0.00;1.00
19.250000;0.00;0.00;69.82;0.00;1.00
19.260000;0.00;0.00;69.82;0.00;1.00
19.270000;0.00;0.00;69.82;0.00;1.00
19.280000;0.00;0.00;69.82;0.00;1.00
19.290000;0.00;0.00;69.82;0.00;1.00
19.300000;0.00;0.00;69.82;0.00;1.00
19.310000;0.00;0.00;69.82;0.00;1.00
19.320000;0.00;0.00;69.82;0.00;1.00
19.330000;0.00;0.00;69.82;0.00;1.00
19.340000;0.00;0.00;69.82;0.00;1.00
19.350000;0.00;0.00;69.82;0.00;1.00
19.360000;0.00;0.00;69.82;0.00;1.00
19.370000;0.00;0.00;69.82;0.00;1.00
19.380000;0.00;0.00;69.82;0.00;1.00
19.390000;0.00;0.00;69.82;0.00;1.00
19.400000;0.00;0.00;69.82;0.00;1.00
19.410000;0.00;0.00;69.82;0.00;1.00
19.420000;0.00;0.00;69.82;0.00;1.00
19.430000;0.00;0.00;69.82;0.00;1.00
19.440000;0.00;0.00;69.82;0.00;1.00
19.450000;0.00;0.00;69.82;0.00;1.00
19.460000;0.00;0.00;69.82;0.00;1.00
19.470000;0.00;0.00;69.82;0.00;1.00
19.480000;0.00;0.00;69.82;0.00;1.00
19.490000;0.00;0.00;69.82;0.00;1.00
19.500000;0.00;0.00;69.82;0.00;1.00
19.510000;0.00;0.00;69.82;0.00;1.00
19.520000;0.00;0.00;69.82;0.00;1.00
19.530000;0.00;0.00;69.82;0.00;1.00
19.540000;0.00;0.00;69.82;0.00;1.00
19.550000;0.00;0.00;69.82;0.00;1.00
19.560000;0.00;0.00;69.82;0.00;1.00
19.570000;0.00;0.00;69.82;0.00;1.00
19.580000;0.00;0.00;69.82;0.00;1.00
19.590000;0.00;0.00;69.82;0.00;1.00
19.600000;0.00;0.00;69.82;0.00;1.00
19.610000;0.00;0.00;69.82;0.00;1.00
19.620000;0.00;0.00;69.82;0.00;1.00
19.630000;0.00;0.00;69.82;0.00;1.00
19.640000;0.00;0.00;69.82;0.00;1.00
19.650000;0.00;0.00;69.82;0.00;1.00
19.660000;0.00;0.00;69.82;0.00;1.00
19.670000;0.00;0.00;69.82;0.00;1.00
19.680000;0.00;0.00;69.82;0.00;1.00
19.690000;0.00;0.00;69.82;0.00;1.00
19.700000;0.00;0.00;69.82;0.00;1.00
19.710000;0.00;0.00;69.82;0.00;1.00
19.720000;0.00;0.00;69.82;0.00;1.00
19.730000;0.00;0.00;69.82;0.00;1.00
19.740000;0.00;0.00;69.82;0.00;1.00
19.750000;0.00;0.00;69.82;0.00;1.00
19.760000;0.00;0.00;69.82;0.00;1.00
19.770000;0.00;0.00;69.82;0.00;1.00
19.780000;0.00;0.00;69.82;0.00;1.00
19.790000;0.00;0.00;69.82;0.00;1.00
19.800000;0.00;0.00;69.82;0.00;1.00
19.810000;0.00;0.00;69.81;0.00;1.00
19.820000;0.00;0.00;69.81;0.00;1.00
19.830000;0.00;0.00;69.81;0.00;1.00
19.840000;0.00;0.00;69.81;0.00;1.00
19.850000;0.00;0.00;69.81;0.00;1.00
19.860000;0.00;0.00;69.81;0.00;1.00
19.870000;0.00;0.00;69.81;0.00;1.00
19.880000;0.00;0.00;69.81;0.00;1.00
19.890000;0.00;0.00;69.81;0.00;1.00
19.900000;0.00;0.00;69.81;0.00;1.00
19.910000;0.00;0.00;69.81;0.00;1.00
19.920000;0.00;0.00;69.81;0.00;1.00
19.930000;0.00;0.00;69.81;0.00;1.00
19.940000;0.00;0.00;69.81;0.00;1.00
19.950000;0.00;0.00;69.81;0.00;1.00
19.960000;0.00;0.00;69.81;0.00;1.00
19.970000;0.00;0.00;69.81;0.00;1.00
19.980000;0.00;0.00;69.81;0.00;1.00
19.990000;0.00;0.00;69.81;0.00;1.00
20.000000;0.00;0.00;69.81;0.00;1.00
20.010000;0.00;0.00;69.81;0.00;1.00
20.020000;0.00;0.00;69.81;0.00;1.00
20.030000;0.00;0.00;69.81;0.00;1.00
20.040000;0.00;0.00;69.81;0.00;1.00
20.050000;0.00;0.00;69.81;0.00;1.00
20.060000;0.00;0.00;69.81;0.00;1.00
20.070000;0.00;0.00;69.81;0.00;1.00
20.080000;0.00;0.00;69.81;0.00;1.00
20.090000;0.00;0.00;69.81;0.00;1.00
20.100000;0.00;0.00;69.81;0.00;1.00
20.110000;0.00;0.00;69.81;0.00;1.00
20.120000;0.00;0.00;69.81;0.00;1.00
20.130000;0.00;0.00;69.81;0.00;1.00
20.140000;0.00;0.00;69.81;0.00;1.00
20.150000;0.00;0.00;69.81;0.00;1.00
20.160000;0.00;0.00;69.81;0.00;1.00
20.170000;0.00;0.00;69.81;0.00;1.00
20.180000;0.00;0.00;69.81;0.00;1.00
20.190000;0.00;0.00;69.81;0.00;1.00
20.200000;0.00;0.00;69.81;0.00;1.00
20.210000;0.00;0.00;69.81;0.00;1.00
20.220000;0.00;0.00;69.81;0.00;1.00
20.230000;0.00;0.00;69.81;0.00;1.00
20.240000;0.00;0.00;69.81;0.00;1.00
20.250000;0.00;0.00;69.81;0.00;1.00
20.260000;0.00;0.00;69.81;0.00;1.00
20.270000;0.00;0.00;69.81;0.00;1.00
20.280000;0.00;0.00;69.81;0.00;1.00
20.290000;0.00;0.00;69.81;0.00;1.00
20.300000;0.00;0.00;69.81;0.00;0.00
20.310000;0.00;0.00;69.81;0.00;0.00
20.320000;0.00;0.00;69.81;0.00;0.00
20.330000;0.00;0.00;69.81;0.00;0.00
20.340000;0.00;0.00;69.81;0.00;0.00
20.350000;0.00;0.00;69.81;0.00;0.00
20.360000;0.00;0.00;69.81;0.00;0.00
20.370000;0.00;0.00;69.81;0.00;0.00
20.380000;0.00;0.00;69.81;0.00;0.00
20.390000;0.00;0.00;69.81;0.00;0.00
20.400000;0.00;0.00;69.81;0.00;0.00
20.410000;0.00;0.00;69.81;0.00;0.00
20.420000;0.00;0.00;69.81;0.00;0.00
20.430000;0.00;0.00;69.81;0.00;0.00
20.440000;0.00;0.00;69.81;0.00;0.00
20.450000;0.00;0.00;69.81;0.00;0.00
20.460000;0.00;0.00;69.81;0.00;0.00
20.470000;0.00;0.00;69.81;0.00;0.00
20.480000;0.00;0.00;69.81;0.00;0.00
20.490000;0.00;0.00;69.81;0.00;0.00
20.500000;0.00;0.00;69.81;0.00;0.00
20.510000;0.00;0.00;69.81;0.00;0.00
20.520000;0.00;0.00;69.81;0.00;0.00
20.530000;0.00;0.00;69.81;0.00;0.00
20.540000;0.00;0.00;69.81;0.00;0.00
20.550000;0.00;0.00;69.81;0.00;0.00
20.560000;0.00;0.00;69.81;0.00;0.00
20.570000;0.00;0.00;69.81;0.00;0.00
20.580000;0.00;0.00;69.81;0.00;0.00
20.590000;0.00;0.00;69.81;0.00;0.00
20.600000;0.00;0.00;69.81;0.00;0.00
20.610000;0.00;0.00;69.80;0.00;0.00
20.620000;0.00;0.00;69.80;0.00;0.00
20.630000;0.00;0.00;69.80;0.00;0.00
20.640000;0.00;0.00;69.80;0.00;0.00
20.650000;0.00;0.00;69.80;0.00;0.00
20.660000;0.00;0.00;69.80;0.00;0.00
20.670000;0.00;0.00;69.80;0.00;0.00
20.680000;0.00;0.00;69.80;0.00;0.00
20.690000;0.00;0.00;69.80;0.00;0.00
20.700000;0.00;0.00;69.80;0.00;0.00
20.710000;0.00;0.00;69.80;0.00;0.00
20.720000;0.00;0.00;69.80;0.00;0.00
20.730000;0.00;0.00;69.80;0.00;0.00
20.740000;0.00;0.00;69.80;0.00;0.00
20.750000;0.00;0.00;69.80;0.00;0.00
20.760000;0.00;0.00;69.80;0.00;0.00
20.770000;0.00;0.00;69.80;0.00;0.00
20.780000;0.00;0.00;69.80;0.00;0.00
20.790000;0.00;0.00;69.80;0.00;0.00
20.800000;0.00;0.00;69.80;0.00;0.00
20.810000;0.00;0.00;69.80;0.00;0.00
20.820000;0.00;0.00;69.80;0.00;0.00
20.830000;0.00;0.00;69.80;0.00;0.00
20.840000;0.00;0.00;69.80;0.00;0.00
20.850000;0.00;0.00;69.80;0.00;0.00
20.860000;0.00;0.00;69.80;0.00;0.00
20.870000;0.00;0.00;69.80;0.00;0.00
20.880000;0.00;0.00;69.80;0.00;0.00
20.890000;0.00;0.00;69.80;0.00;0.00
20.900000;0.00;0.00;69.80;0.00;0.00
20.910000;0.00;0.00;69.80;0.00;0.00
20.920000;0.00;0.00;69.80;0.00;0.00
20.930000;0.00;0.00;69.80;0.00;0.00
20.940000;0.00;0.00;69.80;0.00;0.00
20.950000;0.00;0.00;69.80;0.00;0.00
20.960000;0.00;0.00;69.80;0.00;0.00
20.970000;0.00;0.00;69.80;0.00;0.00
20.980000;0.00;0.00;69.80;0.00;0.00
20.990000;0.00;0.00;69.80;0.00;0.00
21.000000;0.00;0.00;69.80;0.00;0.00
21.010000;0.00;0.00;69.80;0.00;0.00
21.020000;0.00;0.00;69.80;0.00;0.00
21.030000;0.00;0.00;69.80;0.00;0.00
21.040000;0.00;0.00;69.80;0.00;0.00
21.050000;0.00;0.00;69.80;0.00;0.00
21.060000;0.00;0.00;69.80;0.00;0.00
21.070000;0.00;0.00;69.80;0.00;0.00
21.080000;0.00;0.00;69.80;0.00;0.00
21.090000;0.00;0.00;69.80;0.00;0.00
21.100000;0.00;0.00;69.80;0.00;0.00
21.110000;0.00;0.00;69.80;0.00;0.00
21.120000;0.00;0.00;69.80;0.00;0.00
21.130000;0.00;0.00;69.80;0.00;0.00
21.140000;0.00;0.00;69.80;0.00;0.00
21.150000;0.00;0.00;69.80;0.00;0.00
21.160000;0.00;0.00;69.80;0.00;0.00
21.170000;0.00;0.00;69.80;0.00;0.00
21.180000;0.00;0.00;69.80;0.00;0.00
21.190000;0.00;0.00;69.80;0.00;0.00
21.200000;0.00;0.00;69.80;0.00;0.00
21.210000;0.00;0.00;69.80;0.00;0.00
21.220000;0.00;0.00;69.80;0.00;0.00
21.230000;0.00;0.00;69.80;0.00;0.00
21.240000;0.00;0.00;69.80;0.00;0.00
21.250000;0.00;0.00;69.80;0.00;0.00
21.260000;0.00;0.00;69.80;0.00;0.00
21.270000;0.00;0.00;69.80;0.00;0.00
21.280000;0.00;0.00;69.80;0.00;0.00
21.290000;0.00;0.00;69.80;0.00;0.00
21.300000;0.00;0.00;69.80;0.00;0.00
21.310000;0.00;0.00;69.80;0.00;0.00
21.320000;0.00;0.00;69.80;0.00;0.00
21.330000;0.00;0.00;69.80;0.00;0.00
21.340000;0.00;0.00;69.80;0.00;0.00
21.350000;0.00;0.00;69.80;0.00;0.00
21.360000;0.00;0.00;69.80;0.00;0.00
21.370000;0.00;0.00;69.80;0.00;0.00
21.380000;0.00;0.00;69.80;0.00;0.00
21.390000;0.00;0.00;69.80;0.00;0.00
21.400000;0.00;0.00;69.79;0.00;0.00
21.410000;0.00;0.00;69.79;0.00;0.00
21.420000;0.00;0.00;69.79;0.00;0.00
21.430000;0.00;0.00;69.79;0.00;0.00
21.440000;0.00;0.00;69.79;0.00;0.00
21.450000;0.00;0.00;69.79;0.00;0.00
21.460000;0.00;0.00;69.79;0.00;0.00
21.470000;0.00;0.00;69.79;0.00;0.00
21.480000;0.00;0.00;69.79;0.00;0.00
21.490000;0.00;0.00;69.79;0.00;0.00
21.500000;0.00;0.00;69.79;0.00;0.00
21.510000;0.00;0.00;69.79;0.00;0.00
21.520000;0.00;0.00;69.79;0.00;0.00
21.530000;0.00;0.00;69.79;0.00;0.00
21.540000;0.00;0.00;69.79;0.00;0.00
21.550000;0.00;0.00;69.79;0.00;0.00
21.560000;0.00;0.00;69.79;0.00;0.00
21.570000;0.00;0.00;69.79;0.00;0.00
21.580000;0.00;0.00;69.79;0.00;0.00
21.590000;0.00;0.00;69.79;0.00;0.00
21.600000;0.00;0.00;69.79;0.00;0.00
21.610000;0.00;0.00;69.79;0.00;0.00
21.620000;0.00;0.00;69.79;0.00;0.00
21.630000;0.00;0.00;69.79;0.00;0.00
21.640000;0.00;0.00;69.79;0.00;0.00
21.650000;0.00;0.00;69.79;0.00;0.00
21.660000;0.00;0.00;69.79;0.00;0.00
21.670000;0.00;0.00;69.79;0.00;0.00
21.680000;0.00;0.00;69.79;0.00;0.00
21.690000;0.00;0.00;69.79;0.00;0.00
21.700000;0.00;0.00;69.79;0.00;0.00
21.710000;0.00;0.00;69.79;0.00;0.00
21.720000;0.00;0.00;69.79;0.00;0.00
21.730000;0.00;0.00;69.79;0.00;0.00
21.740000;0.00;0.00;69.79;0.00;0.00
21.750000;0.00;0.00;69.79;0.00;0.00
21.760000;0.00;0.00;69.79;0.00;0.00
21.770000;0.00;0.00;69.79;0.00;0.00
21.780000;0.00;0.00;69.79;0.00;0.00
21.790000;0.00;0.00;69.79;0.00;0.00
21.800000;0.00;0.00;69.79;0.00;0.00
21.810000;0.00;0.00;69.79;0.00;0.00
21.820000;0.00;0.00;69.79;0.00;0.00
21.830000;0.00;0.00;69.79;0.00;0.00
21.840000;0.00;0.00;69.79;0.00;0.00
21.850000;0.00;0.00;69.79;0.00;0.00
21.860000;0.00;0.00;69.79;0.00;0.00
21.870000;0.00;0.00;69.79;0.00;0.00
21.880000;0.00;0.00;69.79;0.00;0.00
21.890000;0.00;0.00;69.79;0.00;0.00
21.900000;0.00;0.00;69.79;0.00;0.00
21.910000;0.00;0.00;69.79;0.00;0.00
21.920000;0.00;0.00;69.79;0.00;0.00
21.930000;0.00;0.00;69.79;0.00;0.00
21.940000;0.00;0.00;69.79;0.00;0.00
21.950000;0.00;0.00;69.79;0.00;0.00
21.960000;0.00;0.00;69.79;0.00;0.00
21.970000;0.00;0.00;69.79;0.00;0.00
21.980000;0.00;0.00;69.79;0.00;0.00
21.990000;0.00;0.00;69.79;0.00;0.00
22.000000;0.00;0.00;69.79;0.00;0.00
22.010000;0.00;0.00;69.79;0.00;0.00
22.020000;0.00;0.00;69.79;0.00;0.00
22.030000;0.00;0.00;69.79;0.00;0.00
22.040000;0.00;0.00;69.79;0.00;0.00
22.050000;0.00;0.00;69.79;0.00;0.00
22.060000;0.00;0.00;69.79;0.00;0.00
22.070000;0.00;0.00;69.79;0.00;0.00
22.080000;0.00;0.00;69.79;0.00;0.00
22.090000;0.00;0.00;69.79;0.00;0.00
22.100000;0.00;0.00;69.79;0.00;0.00
22.110000;0.00;0.00;69.79;0.00;0.00
22.120000;0.00;0.00;69.79;0.00;0.00
22.130000;0.00;0.00;69.79;0.00;0.00
22.140000;0.00;0.00;69.79;0.00;0.00
22.150000;0.00;0.00;69.79;0.00;0.00
22.160000;0.00;0.00;69.79;0.00;0.00
22.170000;0.00;0.00;69.79;0.00;0.00
22.180000;0.00;0.00;69.79;0.00;0.00
22.190000;0.00;0.00;69.78;0.00;0.00
22.200000;0.00;0.00;69.78;0.00;0.00
22.210000;0.00;0.00;69.78;0.00;0.00
22.220000;0.00;0.00;69.78;0.00;0.00
22.230000;0.00;0.00;69.78;0.00;0.00
22.240000;0.00;0.00;69.78;0.00;0.00
22.250000;0.00;0.00;69.78;0.00;0.00
22.260000;0.00;0.00;69.78;0.00;0.00
22.270000;0.00;0.00;69.78;0.00;0.00
22.280000;0.00;0.00;69.78;0.00;0.00
22.290000;0.00;0.00;69.78;0.00;0.00
